nct_id,project_num,fiscal_year,award_amount_usd,administering_ic,recipient_org,contact_pi,project_title
NCT03081559,5R01MH106373-05,2019,505770.0,National Institute of Mental Health,,"SEVELIUS, JAE M.",Improving engagement in HIV care for high-risk women
NCT03081559,5R01MH106373-04,2018,781066.0,National Institute of Mental Health,,"SEVELIUS, JAE M.",Improving engagement in HIV care for high-risk women
NCT03081559,5R01MH106373-03,2017,788397.0,National Institute of Mental Health,,"SEVELIUS, JAE M.",Improving engagement in HIV care for high-risk women
NCT03081559,5R01MH106373-02,2016,935579.0,National Institute of Mental Health,,"SEVELIUS, JAE M.",Improving engagement in HIV care for high-risk women
NCT03081559,1R01MH106373-01A1,2015,955346.0,National Institute of Mental Health,,"SEVELIUS, JAE M.",Improving engagement in HIV care for high-risk women
NCT02703116,5R01DA041071-05,2019,591169.0,National Institute on Drug Abuse,,"GAROFALO, ROBERT ",Employing eSBI in a Community-based HIV Testing Environment for At-risk Youth
NCT02703116,5R01DA041071-04,2018,635235.0,National Institute on Drug Abuse,,"GAROFALO, ROBERT ",Employing eSBI in a Community-based HIV Testing Environment for At-risk Youth
NCT02703116,5R01DA041071-03,2017,642151.0,National Institute on Drug Abuse,,"GAROFALO, ROBERT ",Employing eSBI in a Community-based HIV Testing Environment for At-risk Youth
NCT02703116,5R01DA041071-02,2016,696567.0,National Institute on Drug Abuse,,"GAROFALO, ROBERT ",Employing eSBI in a Community-based HIV Testing Environment for At-risk Youth
NCT02703116,1R01DA041071-01,2015,640810.0,National Institute on Drug Abuse,,"GAROFALO, ROBERT ",Employing eSBI in a Community-based HIV Testing Environment for At-risk Youth
NCT07681908,5R01NR020846-03,2026,643745.0,National Institute of Nursing Research,,"YBARRA, MICHELE L.",#TranscendentHealth - Adapting an LGB+ inclusive teen pregnancy prevention program for transgender boys
NCT07681908,5R01NR020846-02,2024,620288.0,National Institute of Nursing Research,,"YBARRA, MICHELE L.",#TranscendentHealth - Adapting an LGB+ inclusive teen pregnancy prevention program for transgender boys
NCT07681908,1R01NR020846-01A1,2023,698736.0,National Institute of Nursing Research,,"YBARRA, MICHELE L.",#TranscendentHealth - Adapting an LGB+ inclusive teen pregnancy prevention program for transgender boys
NCT06656676,5R34MH136932-03,2026,222197.0,National Institute of Mental Health,,"RAEL, CHRISTINE TAGLIAFERRI",WePrEP: A bilingual shared decision-making tool to facilitate conversations between transgender women and their providers as they select an ideal PrEP method
NCT06656676,5R34MH136932-02,2025,258461.0,National Institute of Mental Health,,"RAEL, CHRISTINE TAGLIAFERRI",WePrEP: Facilitating personal autonomy in HIV prevention through shared decision-making about PrEP for women in the US
NCT06656676,1R34MH136932-01,2024,198625.0,National Institute of Mental Health,,"RAEL, CHRISTINE TAGLIAFERRI",WePrEP: A bilingual shared decision-making tool to facilitate conversations between transgender women and their providers as they select an ideal PrEP method
NCT04077138,5R01MH114753-05,2022,565163.0,National Institute of Mental Health,,"HOSEK, SYBIL ","Transgender Youth and PrEP: PK, Safety, Uptake & Adherence"
NCT04077138,3R01MH114753-05S1,2022,58540.0,National Institute of Mental Health,,"HOSEK, SYBIL ","Transgender Youth and PrEP: PK, Safety, Uptake & Adherence"
NCT04077138,5R01MH114753-04,2021,610860.0,National Institute of Mental Health,,"HOSEK, SYBIL ","Transgender Youth and PrEP: PK, Safety, Uptake & Adherence"
NCT04077138,3R01MH114753-04S1,2021,132996.0,National Institute of Mental Health,,"HOSEK, SYBIL ",Implement TransPrEP
NCT04077138,5R01MH114753-03,2020,638352.0,National Institute of Mental Health,,"HOSEK, SYBIL ","Transgender Youth and PrEP: PK, Safety, Uptake & Adherence"
NCT04077138,5R01MH114753-02,2019,627560.0,National Institute of Mental Health,,"HOSEK, SYBIL ","Transgender Youth and PrEP: PK, Safety, Uptake & Adherence"
NCT04077138,1R01MH114753-01,2018,665381.0,National Institute of Mental Health,,"HOSEK, SYBIL ","Transgender Youth and PrEP: PK, Safety, Uptake & Adherence"
NCT05934877,5R01DA056888-04,2025,901066.0,National Institute on Drug Abuse,,"REBACK, CATHY J",Optimizing PrEP Implementation and Cost-effectiveness among Individuals with a Substance Use Disorder
NCT05934877,5R01DA056888-03,2024,912089.0,National Institute on Drug Abuse,,"REBACK, CATHY J",Optimizing PrEP Implementation and Cost-effectiveness among Sexual and Gender Minority Individuals with a Substance Use Disorder
NCT05934877,5R01DA056888-02,2023,908730.0,National Institute on Drug Abuse,,"REBACK, CATHY J",Optimizing PrEP Implementation and Cost-effectiveness among Sexual and Gender Minority Individuals with a Substance Use Disorder
NCT05934877,1R01DA056888-01,2022,594260.0,National Institute on Drug Abuse,,"REBACK, CATHY J",Optimizing PrEP Implementation and Cost-effectiveness among Sexual and Gender Minority Individuals with a Substance Use Disorder
NCT02921841,5R44MH102140-05,2017,599993.0,National Institute of Mental Health,,"ADAMS LARSEN, MARGO ",Digital Star: HIV Prevention for Youth in Mental Health Treatment
NCT02921841,5R44MH102140-04,2016,599703.0,National Institute of Mental Health,,"ADAMS LARSEN, MARGO ",Digital Star: HIV Prevention for Youth in Mental Health Treatment
NCT02921841,4R44MH102140-03,2015,599075.0,National Institute of Mental Health,,"ADAMS LARSEN, MARGO ",Digital Star: HIV Prevention for Youth in Mental Health Treatment
NCT02921841,5R44MH102140-02,2014,344426.0,National Institute of Mental Health,,"MCDANIEL, DAWN ",Digital Star: HIV Prevention for Youth in Mental Health Treatment
NCT02921841,1R44MH102140-01,2013,349960.0,National Institute of Mental Health,,"MCDANIEL, DAWN ",Digital Star: HIV Prevention for Youth in Mental Health Treatment
NCT02744040,1R01DA040532-01,2015,1073128.0,National Institute on Drug Abuse,,"DUERR, ANN C",Modulating the Impact of Critical Events in Early HIV Infection:  Effect of Early ART Initiation and Alcohol Use
NCT06880705,5R00DA055508-05,2026,249000.0,National Institute on Drug Abuse,,"GUY, ARRYN ALEIA",A Gender-Affirming Stigma Intervention to Improve Substance Misuse and HIV Risk among Transgender Women
NCT06880705,5R00DA055508-04,2025,248999.0,National Institute on Drug Abuse,,"GUY, ARRYN ALEIA",A Gender-Affirming Stigma Intervention to Improve Substance Misuse and HIV Risk among Transgender Women
NCT06880705,4R00DA055508-03,2024,249000.0,National Institute on Drug Abuse,,"GUY, ARRYN ALEIA",A Gender-Affirming Stigma Intervention to Improve Substance Misuse and HIV Risk among Transgender Women
NCT02710032,5R34MH104072-03,2016,141615.0,National Institute of Mental Health,,"CLARK, JESSE LAWTON",TransPrEP: Social Network-Based PrEP Adherence for Transgender Women in Peru
NCT02710032,5R34MH104072-02,2015,279572.0,National Institute of Mental Health,,"CLARK, JESSE LAWTON",TransPrEP: Social Network-Based PrEP Adherence for Transgender Women in Peru
NCT02710032,1R34MH104072-01,2014,251173.0,National Institute of Mental Health,,"CLARK, JESSE LAWTON",TransPrEP: Social Network-Based PrEP Adherence for Transgender Women in Peru
NCT04114955,5R01MH121308-05,2023,653173.0,National Institute of Mental Health,,"LIPPMAN, SHERI ANN",Reducing Intersectional Stigma among High-Risk Women in Brazil to Promote Uptake of HIV Testing and PrEP
NCT04114955,5R01MH121308-04,2022,674562.0,National Institute of Mental Health,,"LIPPMAN, SHERI ANN",Reducing Intersectional Stigma among High-Risk Women in Brazil to Promote Uptake of HIV Testing and PrEP
NCT04114955,5R01MH121308-03,2021,844524.0,National Institute of Mental Health,,"SEVELIUS, JAE M.",Reducing Intersectional Stigma among High-Risk Women in Brazil to Promote Uptake of HIV Testing and PrEP
NCT04114955,5R01MH121308-02,2020,670468.0,National Institute of Mental Health,,"SEVELIUS, JAE M.",Reducing Intersectional Stigma among High-Risk Women in Brazil to Promote Uptake of HIV Testing and PrEP
NCT04114955,3R01MH121308-02S1,2020,175744.0,National Institute of Mental Health,,"SEVELIUS, JAE M.",Reducing Intersectional Stigma among High-Risk Women in Brazil to Promote Uptake of HIV Testing and PrEP
NCT04114955,1R01MH121308-01,2019,668917.0,National Institute of Mental Health,,"SEVELIUS, JAE M.",Reducing Intersectional Stigma among High-Risk Women in Brazil to Promote Uptake of HIV Testing and PrEP
NCT04934189,5R21MD014807-02,2021,226480.0,National Institute on Minority Health and Health Disparities,,"BERKE, DANIELLE SHEA",Empowerment Self-Defense Training for the Prevention of Victimization of Transgender Women
NCT04934189,1R21MD014807-01A1,2020,197000.0,National Institute on Minority Health and Health Disparities,,"BERKE, DANIELLE SHEA",Empowerment Self-Defense Training for the Prevention of Victimization of Transgender Women
NCT03856580,5R01HD079603-05,2018,556709.0,Eunice Kennedy Shriver National Institute of Child Health and Human Development,,"BOCKTING, WALTER O.","Identity Development, Risk, and Resilience among Gender Diverse Populations"
NCT03856580,5R01HD079603-04,2017,593904.0,Eunice Kennedy Shriver National Institute of Child Health and Human Development,,"BOCKTING, WALTER O.","Identity Development, Risk, and Resilience among Gender Diverse Populations"
NCT03856580,3R01HD079603-04S1,2017,116294.0,Eunice Kennedy Shriver National Institute of Child Health and Human Development,,"BOCKTING, WALTER O.","Identity Development, Risk, and Resilience among Gender Diverse populations"
NCT03856580,5R01HD079603-03,2016,575482.0,Eunice Kennedy Shriver National Institute of Child Health and Human Development,,"BOCKTING, WALTER O.","Identity Development, Risk, and Resilience among Gender Diverse Populations"
NCT03856580,5R01HD079603-02,2015,570256.0,Eunice Kennedy Shriver National Institute of Child Health and Human Development,,"BOCKTING, WALTER O.","Identity Development, Risk, and Resilience among Gender Diverse Populations"
NCT03856580,1R01HD079603-01A1,2014,658855.0,Eunice Kennedy Shriver National Institute of Child Health and Human Development,,"BOCKTING, WALTER O.","Identity Development, Risk, and Resilience among Gender Diverse Populations"
NCT05678556,1U01AI156874-01,2021,1764157.0,National Institute of Allergy and Infectious Diseases,,"NEWCOMB, MICHAEL E",Effectiveness of Relationship Education for Reducing HIV Incidence in Men Who Have Sex with Men
NCT05597787,5R34MH124390-03,2022,186188.0,National Institute of Mental Health,,"EARNSHAW, VALERIE ANN","Implementing Stigma Reduction Tools via a Popular Teletraining Platform to Reduce Clinician Stigma and Disparities in HIV Testing, Prevention, and Linkage to Care in Malaysia"
NCT05597787,3R34MH124390-03S1,2022,57508.0,National Institute of Mental Health,,"EARNSHAW, VALERIE ANN","Implementing Stigma Reduction Tools via a Popular Teletraining Platform to Reduce Clinician Stigma and Disparities in HIV Testing, Prevention, and Linkage to Care in Malaysia"
NCT05597787,5R34MH124390-02,2021,187315.0,National Institute of Mental Health,,"EARNSHAW, VALERIE ANN","Implementing Stigma Reduction Tools via a Popular Teletraining Platform to Reduce Clinician Stigma and Disparities in HIV Testing, Prevention, and Linkage to Care in Malaysia"
NCT05597787,1R34MH124390-01,2020,205754.0,National Institute of Mental Health,,"EARNSHAW, VALERIE ANN","Implementing Stigma Reduction Tools via a Popular Teletraining Platform to Reduce Clinician Stigma and Disparities in HIV Testing, Prevention, and Linkage to Care in Malaysia"
NCT05483686,5R44MH117837-04,2021,247251.0,National Institute of Mental Health,,"LEAF, SAMANTHA L.","Reducing HIV Health Disparities among African American Transgender Women: An mHealth Approach to Improving Prevention, Testing, and Treatment Outcomes"
NCT05483686,5R44MH117837-03,2020,536887.0,National Institute of Mental Health,,"LEAF, SAMANTHA L.","Reducing HIV Health Disparities among African American Transgender Women: An mHealth Approach to Improving Prevention, Testing, and Treatment Outcomes"
NCT05483686,2R44MH117837-02,2019,681047.0,National Institute of Mental Health,,"LEAF, SAMANTHA L.","Reducing HIV Health Disparities among African American Transgender Women: An mHealth Approach to Improving Prevention, Testing, and Treatment Outcomes"
NCT04553211,5R01MH118973-05,2023,590961.0,National Institute of Mental Health,,"CLARK, JESSE LAWTON",Expedited Partner Therapy and the HIV Prevention Cascade Among MSM in Peru
NCT04553211,5R01MH118973-04,2022,591828.0,National Institute of Mental Health,,"CLARK, JESSE LAWTON",Expedited Partner Therapy and the HIV Prevention Cascade Among MSM in Peru
NCT04553211,5R01MH118973-03,2021,600305.0,National Institute of Mental Health,,"CLARK, JESSE LAWTON",Expedited Partner Therapy and the HIV Prevention Cascade Among MSM in Peru
NCT04553211,5R01MH118973-02,2020,605660.0,National Institute of Mental Health,,"CLARK, JESSE LAWTON",Expedited Partner Therapy and the HIV Prevention Cascade Among MSM in Peru
NCT04553211,1R01MH118973-01A1,2019,561476.0,National Institute of Mental Health,,"CLARK, JESSE LAWTON",Expedited Partner Therapy and the HIV Prevention Cascade Among MSM in Peru
NCT01575938,5R01MH094323-05,2015,672506.0,National Institute of Mental Health,,"GAROFALO, ROBERT ",HIV Prevention Intervention for Young Transgender Women
NCT01575938,5R01MH094323-04,2014,713801.0,National Institute of Mental Health,,"GAROFALO, ROBERT ",HIV Prevention Intervention for Young Transgender Women
NCT01575938,5R01MH094323-03,2013,749173.0,National Institute of Mental Health,,"GAROFALO, ROBERT ",HIV Prevention Intervention for Young Transgender Women
NCT01575938,3R01MH094323-03S1,2013,100000.0,National Institute of Mental Health,,"GAROFALO, ROBERT ",HIV Prevention Intervention for Young Transgender Women
NCT01575938,5R01MH094323-02,2012,715769.0,National Institute of Mental Health,,"GAROFALO, ROBERT ",HIV Prevention Intervention for Young Transgender Women
NCT01575938,3R01MH094323-02S1,2012,47959.0,National Institute of Mental Health,,"GAROFALO, ROBERT ",HIV Prevention Intervention for Young Transgender Women
NCT01575938,1R01MH094323-01A1,2011,742172.0,National Institute of Mental Health,,"GAROFALO, ROBERT ",HIV Prevention Intervention for Young Transgender Women
NCT01880489,4R01DA034661-05,2016,579108.0,National Institute on Drug Abuse,,"RENDINA, H. JONATHON ",Multicomponent Intervention to Reduce Sexual Risk and Substance Use
NCT01880489,5R01DA034661-04,2015,586841.0,National Institute on Drug Abuse,,"PARSONS, JEFFREY T",Multicomponent Intervention to Reduce Sexual Risk and Substance Use
NCT01880489,5R01DA034661-03,2014,692704.0,National Institute on Drug Abuse,,"PARSONS, JEFFREY T",Multicomponent Intervention to Reduce Sexual Risk and Substance Use
NCT01880489,5R01DA034661-02,2013,613880.0,National Institute on Drug Abuse,,"PARSONS, JEFFREY T",Multicomponent Intervention to Reduce Sexual Risk and Substance Use
NCT01880489,3R01DA034661-02S1,2013,73440.0,National Institute on Drug Abuse,,"PARSONS, JEFFREY T",Multicomponent Intervention to Reduce Sexual Risk and Substance Use
NCT01880489,1R01DA034661-01,2012,655270.0,National Institute on Drug Abuse,,"PARSONS, JEFFREY T",Multicomponent Intervention to Reduce Sexual Risk and Substance Use
NCT03134833,3U19HD089886-05S2,2022,1596769.0,Eunice Kennedy Shriver National Institute of Child Health and Human Development,,"SWENDEMAN, DALLAS TRAVIS","A Comprehensive Community-based Strategy to Optimize the HIV Prevention and Treatment Continuum for Youth At HIV Risk, Acutely Infected and with Established HIV Infection"
NCT03134833,3U19HD089886-05S1,2021,2429844.0,Eunice Kennedy Shriver National Institute of Child Health and Human Development,,"SWENDEMAN, DALLAS TRAVIS","A Comprehensive Community-based Strategy to Optimize the HIV Prevention and Treatment Continuum for Youth At HIV Risk, Acutely Infected and with Established HIV Infection"
NCT03134833,5U19HD089886-05,2020,3468032.0,Eunice Kennedy Shriver National Institute of Child Health and Human Development,,"SWENDEMAN, DALLAS TRAVIS","A Comprehensive Community-based Strategy to Optimize the HIV Prevention and Treatment Continuum for Youth At HIV Risk, Acutely Infected and with Established HIV Infection"
NCT03134833,5U19HD089886-05,2020,451915.0,Eunice Kennedy Shriver National Institute of Child Health and Human Development,,"COMULADA, WARREN SCOTT",Analytic Core
NCT03134833,5U19HD089886-05,2020,190539.0,Eunice Kennedy Shriver National Institute of Child Health and Human Development,,"ARNOLD, ELIZABETH MAYFIELD",Optimizing the HIV Treatment Continuum with a Stepped Care Model for Youth Living with HIV
NCT03134833,5U19HD089886-05,2020,2010097.0,Eunice Kennedy Shriver National Institute of Child Health and Human Development,,"ROTHERAM-BORUS, MARY JANE ",Management Core
NCT03134833,5U19HD089886-05,2020,614978.0,Eunice Kennedy Shriver National Institute of Child Health and Human Development,,"NIELSEN, KARIN ","Acute, Recent and Established Youth Living with HIV"
NCT03134833,5U19HD089886-05,2020,200503.0,Eunice Kennedy Shriver National Institute of Child Health and Human Development,,"SWENDEMAN, DALLAS TRAVIS",Engaging Seronegative Youth to Optimize HIV Prevention Continuum
NCT03134833,3U19HD089886-04S1,2020,931550.0,Eunice Kennedy Shriver National Institute of Child Health and Human Development,,"SWENDEMAN, DALLAS TRAVIS","A Comprehensive Community-based Strategy to Optimize the HIV Prevention and Treatment Continuum for Youth At HIV Risk, Acutely Infected and with Established HIV Infection"
NCT03134833,3U19HD089886-04S1,2020,400606.0,Eunice Kennedy Shriver National Institute of Child Health and Human Development,,"ARNOLD, ELIZABETH MAYFIELD",Optimizing the HIV Treatment Continuum with a Stepped Care Model for Youth Living with HIV
NCT03134833,3U19HD089886-04S1,2020,212498.0,Eunice Kennedy Shriver National Institute of Child Health and Human Development,,"ROTHERAM-BORUS, MARY JANE ",Management Core
NCT03134833,3U19HD089886-04S1,2020,123020.0,Eunice Kennedy Shriver National Institute of Child Health and Human Development,,"COMULADA, WARREN SCOTT",Analytic Core
NCT03134833,3U19HD089886-04S1,2020,195426.0,Eunice Kennedy Shriver National Institute of Child Health and Human Development,,"NIELSEN, KARIN ","Acute, Recent and Established Youth Living with HIV"
NCT03134833,5U19HD089886-04,2019,352661.0,Eunice Kennedy Shriver National Institute of Child Health and Human Development,,"ARNOLD, ELIZABETH MAYFIELD",Optimizing the HIV Treatment Continuum with a Stepped Care Model for Youth Living with HIV
NCT03134833,5U19HD089886-04,2019,451915.0,Eunice Kennedy Shriver National Institute of Child Health and Human Development,,"COMULADA, WARREN SCOTT",Analytic Core
NCT03134833,5U19HD089886-04,2019,603925.0,Eunice Kennedy Shriver National Institute of Child Health and Human Development,,"SWENDEMAN, DALLAS TRAVIS",Engaging Seronegative Youth to Optimize HIV Prevention Continuum
NCT03134833,5U19HD089886-04,2019,1493124.0,Eunice Kennedy Shriver National Institute of Child Health and Human Development,,"ROTHERAM-BORUS, MARY JANE ",Management Core
NCT03134833,5U19HD089886-04,2019,3718029.0,Eunice Kennedy Shriver National Institute of Child Health and Human Development,,"SWENDEMAN, DALLAS TRAVIS","A Comprehensive Community-based Strategy to Optimize the HIV Prevention and Treatment Continuum for Youth At HIV Risk, Acutely Infected and with Established HIV Infection"
NCT03134833,5U19HD089886-04,2019,816404.0,Eunice Kennedy Shriver National Institute of Child Health and Human Development,,"NIELSEN, KARIN ","Acute, Recent and Established Youth Living with HIV"
NCT03134833,5U19HD089886-03,2018,448876.0,Eunice Kennedy Shriver National Institute of Child Health and Human Development,,"COMULADA, WARREN SCOTT",Analytic Core
NCT03134833,5U19HD089886-03,2018,3696487.0,Eunice Kennedy Shriver National Institute of Child Health and Human Development,,"ROTHERAM-BORUS, MARY JANE ","A Comprehensive Community-based Strategy to Optimize the HIV Prevention and Treatment Continuum for Youth At HIV Risk, Acutely Infected and with Established HIV Infection"
NCT03134833,5U19HD089886-03,2018,626917.0,Eunice Kennedy Shriver National Institute of Child Health and Human Development,,"SWENDEMAN, DALLAS TRAVIS",Engaging Seronegative Youth to Optimize HIV Prevention Continuum
NCT03134833,5U19HD089886-03,2018,1459437.0,Eunice Kennedy Shriver National Institute of Child Health and Human Development,,"ROTHERAM-BORUS, MARY JANE ",Management Core
NCT03134833,5U19HD089886-03,2018,676955.0,Eunice Kennedy Shriver National Institute of Child Health and Human Development,,"NIELSEN, KARIN ","Acute, Recent and Established Youth Living with HIV"
NCT03134833,5U19HD089886-03,2018,484301.0,Eunice Kennedy Shriver National Institute of Child Health and Human Development,,"ARNOLD, ELIZABETH MAYFIELD",Optimizing the HIV Treatment Continuum with a Stepped Care Model for Youth Living with HIV
NCT03134833,5U19HD089886-02,2017,2638784.0,Eunice Kennedy Shriver National Institute of Child Health and Human Development,,"ROTHERAM-BORUS, MARY JANE ",Management Core
NCT03134833,5U19HD089886-02,2017,502513.0,Eunice Kennedy Shriver National Institute of Child Health and Human Development,,"COMULADA, WARREN SCOTT",Analytic Core
NCT03134833,5U19HD089886-02,2017,3738607.0,Eunice Kennedy Shriver National Institute of Child Health and Human Development,,"ROTHERAM-BORUS, MARY JANE ","A Comprehensive Community-based Strategy to Optimize the HIV Prevention and Treatment Continuum for Youth At HIV Risk, Acutely Infected and with Established HIV Infection"
NCT03134833,5U19HD089886-02,2017,635790.0,Eunice Kennedy Shriver National Institute of Child Health and Human Development,,"ARNOLD, ELIZABETH MAYFIELD",Optimizing the HIV Treatment Continuum with a Stepped Care Model for Youth Living with HIV
NCT03134833,5U19HD089886-02,2017,769920.0,Eunice Kennedy Shriver National Institute of Child Health and Human Development,,"NIELSEN, KARIN ","Acute, Recent and Established Youth Living with HIV"
NCT03134833,5U19HD089886-02,2017,697256.0,Eunice Kennedy Shriver National Institute of Child Health and Human Development,,"SWENDEMAN, DALLAS TRAVIS",Engaging Seronegative Youth to Optimize HIV Prevention Continuum
NCT03134833,1U19HD089886-01,2016,1538662.0,Eunice Kennedy Shriver National Institute of Child Health and Human Development,,"ROTHERAM-BORUS, MARY JANE ",Management Core
NCT03134833,1U19HD089886-01,2016,489367.0,Eunice Kennedy Shriver National Institute of Child Health and Human Development,,"ARNOLD, ELIZABETH MAYFIELD",Optimizing the HIV Treatment Continuum with a Stepped Care Model for Youth Living with HIV
NCT03134833,1U19HD089886-01,2016,597620.0,Eunice Kennedy Shriver National Institute of Child Health and Human Development,,"SWENDEMAN, DALLAS TRAVIS",Engaging Seronegative Youth to Optimize HIV Prevention Continuum
NCT03134833,1U19HD089886-01,2016,674703.0,Eunice Kennedy Shriver National Institute of Child Health and Human Development,,"NIELSEN, KARIN ","Acute, Recent and Established Youth Living with HIV"
NCT03134833,1U19HD089886-01,2016,557497.0,Eunice Kennedy Shriver National Institute of Child Health and Human Development,,"COMULADA, WARREN SCOTT",Analytic Core
NCT03134833,1U19HD089886-01,2016,3857849.0,Eunice Kennedy Shriver National Institute of Child Health and Human Development,,"ROTHERAM-BORUS, MARY JANE ","A Comprehensive Community-based Strategy to Optimize the HIV Prevention and Treatment Continuum for Youth At HIV Risk, Acutely Infected and with Established HIV Infection"
NCT05352659,5U48DP006382-05,2023,750000.0,National Center for Chronic Disease Prev and Health Promo,,"BOEKELOO, BRADLEY O",Health Promotion and Disease Prevention Research Centers
NCT05352659,5U48DP006382-04,2022,750000.0,National Center for Chronic Disease Prev and Health Promo,,"BOEKELOO, BRADLEY O",Increasing Effective Mental Health Care for LGBT Clients
NCT05352659,5U48DP006382-03,2021,749995.0,National Center for Chronic Disease Prev and Health Promo,,"BOEKELOO, BRADLEY O",Increasing Effective Mental Health Care for LGBT Clients
NCT05352659,5U48DP006382-02,2019,749944.0,National Center for Chronic Disease Prev and Health Promo,,"BOEKELOO, BRADLEY O",Increasing Effective Mental Health Care for LGBT Clients
NCT05352659,6U48DP006382-02M002,2019,500000.0,National Center for Chronic Disease Prev and Health Promo,,"BOEKELOO, BRADLEY O",Connecting Behavioral Science to COVID-19 Vaccine Demand (CBS-CVD) Network Supplement for PRC - Increasing Effective Mental Health Care for LGBT Clients
NCT05352659,1U48DP006382-01,2018,1.0,National Center for Chronic Disease Prev and Health Promo,,"BOEKELOO, BRADLEY O",Increasing Effective Mental Health Care for LGBT Clients
NCT05352659,6U48DP006382-01M001,2018,749940.0,National Center for Chronic Disease Prev and Health Promo,,"BOEKELOO, BRADLEY O",Increasing Effective Mental Health Care for LGBT Clients
NCT04769492,5R34MH121968-03,2022,140523.0,National Institute of Mental Health,,"HOSEK, SYBIL ",#ChopViolence/#ChopHIV: A Tailored Violence Prevention Intervention for Black Young MSM and Transgender Women from the House Ball Community to Improve HIV Outcomes and Decrease Exposure to Violence
NCT04769492,5R34MH121968-02,2021,225570.0,National Institute of Mental Health,,"HOSEK, SYBIL ",#ChopViolence/#ChopHIV: A Tailored Violence Prevention Intervention for Black Young MSM and Transgender Women from the House Ball Community to Improve HIV Outcomes and Decrease Exposure to Violence
NCT03678181,5R01MD013623-05,2022,720835.0,National Institute on Minority Health and Health Disparities,,"BAUERMEISTER, JOSE ARTURO",Increasing engagement and improving HIV care outcomes via stigma reduction in an online social networking intervention among racially diverse young men who have sex with men and transgender women
NCT03678181,5R01MD013623-04,2021,719097.0,National Institute on Minority Health and Health Disparities,,"BAUERMEISTER, JOSE ARTURO",Increasing engagement and improving HIV care outcomes via stigma reduction in an online social networking intervention among racially diverse young men who have sex with men and transgender women
NCT03678181,3R01MD013623-04S1,2021,100949.0,National Institute on Minority Health and Health Disparities,,"BAUERMEISTER, JOSE ARTURO",Increasing engagement and improving HIV care outcomes via stigma reduction in an online social networking intervention among racially diverse young men who have sex with men and transgender women
NCT03678181,5R01MD013623-03,2020,715387.0,National Institute on Minority Health and Health Disparities,,"BAUERMEISTER, JOSE ARTURO",Increasing engagement and improving HIV care outcomes via stigma reduction in an online social networking intervention among racially diverse young men who have sex with men and transgender women
NCT03678181,3R01MD013623-03S1,2020,100152.0,National Institute on Minority Health and Health Disparities,,"BAUERMEISTER, JOSE ARTURO",Increasing engagement and improving HIV care outcomes via stigma reduction in an online social networking intervention among racially diverse young men who have sex with men and transgender women
NCT03678181,5R01MD013623-02,2019,764780.0,National Institute on Minority Health and Health Disparities,,"BAUERMEISTER, JOSE ARTURO",Increasing engagement and improving HIV care outcomes via stigma reduction in an online social networking intervention among racially diverse young men who have sex with men and transgender women
NCT03678181,1R01MD013623-01,2018,816583.0,National Institute on Minority Health and Health Disparities,,"BAUERMEISTER, JOSE ARTURO",Increasing engagement and improving HIV care outcomes via stigma reduction in an online social networking intervention among racially diverse young men who have sex with men and transgender women
NCT06408350,5R01DA056287-03,2025,917615.0,National Institute on Drug Abuse,,"REBACK, CATHY J",Comparative- and cost-effectiveness research determining the optimal intervention for advancing individuals living with HIV to full viral suppression
NCT06408350,5R01DA056287-02,2024,896441.0,National Institute on Drug Abuse,,"REBACK, CATHY J",Comparative- and cost-effectiveness research determining the optimal intervention for advancing transgender women living with HIV to full viral suppression
NCT06408350,1R01DA056287-01,2023,636993.0,National Institute on Drug Abuse,,"REBACK, CATHY J",Comparative- and cost-effectiveness research determining the optimal intervention for advancing transgender women living with HIV to full viral suppression
NCT06373965,5R34MH130233-03,2024,226309.0,National Institute of Mental Health,,"SHRESTHA, ROMAN ",Integrated online-to-offline (O2O) model of care for HIV prevention and treatment among men who have sex with men
NCT06373965,5R34MH130233-02,2023,230035.0,National Institute of Mental Health,,"SHRESTHA, ROMAN ",Integrated online-to-offline (O2O) model of care for HIV prevention and treatment among men who have sex with men
NCT06373965,3R34MH130233-02S1,2023,99999.0,National Institute of Mental Health,,"SHRESTHA, ROMAN ",An online HIV self-testing intervention with online-to-offline linkage to care for transgender women
NCT06373965,1R34MH130233-01A1,2022,260934.0,National Institute of Mental Health,,"SHRESTHA, ROMAN ",Integrated online-to-offline (O2O) model of care for HIV prevention and treatment among men who have sex with men
NCT04077151,5R01MH114753-05,2022,565163.0,National Institute of Mental Health,,"HOSEK, SYBIL ","Transgender Youth and PrEP: PK, Safety, Uptake & Adherence"
NCT04077151,3R01MH114753-05S1,2022,58540.0,National Institute of Mental Health,,"HOSEK, SYBIL ","Transgender Youth and PrEP: PK, Safety, Uptake & Adherence"
NCT04077151,5R01MH114753-04,2021,610860.0,National Institute of Mental Health,,"HOSEK, SYBIL ","Transgender Youth and PrEP: PK, Safety, Uptake & Adherence"
NCT04077151,3R01MH114753-04S1,2021,132996.0,National Institute of Mental Health,,"HOSEK, SYBIL ",Implement TransPrEP
NCT04077151,5R01MH114753-03,2020,638352.0,National Institute of Mental Health,,"HOSEK, SYBIL ","Transgender Youth and PrEP: PK, Safety, Uptake & Adherence"
NCT04077151,5R01MH114753-02,2019,627560.0,National Institute of Mental Health,,"HOSEK, SYBIL ","Transgender Youth and PrEP: PK, Safety, Uptake & Adherence"
NCT04077151,1R01MH114753-01,2018,665381.0,National Institute of Mental Health,,"HOSEK, SYBIL ","Transgender Youth and PrEP: PK, Safety, Uptake & Adherence"
NCT07469176,1R34MH139788-01,2025,720000.0,National Institute of Mental Health,,"RISSER, HEATHER JILL",Co-Designing and Evaluating Additional Mothers and Babies Program Content for Expectant and New Parents of Children with Down Syndrome
NCT05016232,1R34MH122499-01A1,2020,218630.0,National Institute of Mental Health,,"MIMIAGA, MATTHEW JAMES",Developing and Pilot Testing an Adaptive Intervention to Facilitate PrEP Uptake and Maximize PrEP Adherence among At-Risk Transgender Women
NCT06182280,1R01MH129175-01A1,2022,818862.0,National Institute of Mental Health,,"REISNER, SARI ",Strategies to Prevent HIV Acquisition Among Transgender MSM in the US
NCT06586151,5R01NR020309-04,2024,472086.0,National Institute of Nursing Research,,"YBARRA, MICHELE L.",Harnessing the power of technology to develop a population-based HIV prevention program for trans girls
NCT06586151,5R01NR020309-03,2023,441173.0,National Institute of Nursing Research,,"YBARRA, MICHELE L.",Harnessing the power of technology to develop a population-based HIV prevention program for trans girls
NCT06586151,5R01NR020309-02,2022,455059.0,National Institute of Nursing Research,,"YBARRA, MICHELE L.",Harnessing the power of technology to develop a population-based HIV prevention program for trans girls
NCT06586151,1R01NR020309-01,2021,504111.0,National Institute of Nursing Research,,"YBARRA, MICHELE L.",Harnessing the power of technology to develop a population-based HIV prevention program for trans girls
NCT06001307,5R34MH119968-03,2022,244402.0,National Institute of Mental Health,,"SUN, SHUFANG ",HIV risk reduction intervention for transwomen with intimate partner victimization
NCT06001307,5R34MH119968-02,2021,245332.0,National Institute of Mental Health,,"OPERARIO, DON ",HIV risk reduction intervention for transwomen with intimate partner victimization
NCT06001307,1R34MH119968-01A1,2020,274902.0,National Institute of Mental Health,,"OPERARIO, DON ",HIV risk reduction intervention for transwomen with intimate partner victimization
NCT05869461,5R01MH128162-03,2024,363625.0,National Institute of Mental Health,,"EKSTRAND, MARIA L.",Adapting an effective intervention for enhancing engagement in HIV care to meet the needs of key populations in India
NCT05869461,5R01MH128162-02,2023,363625.0,National Institute of Mental Health,,"EKSTRAND, MARIA L.",Adapting an effective intervention for enhancing engagement in HIV care to meet the needs of key populations in India
NCT05869461,1R01MH128162-01A1,2022,379000.0,National Institute of Mental Health,,"EKSTRAND, MARIA L.",Adapting an effective intervention for enhancing engagement in HIV care to meet the needs of key populations in India
NCT01720641,5K23MH084611-05,2013,151200.0,National Institute of Mental Health,,"CLARK, JESSE LAWTON",Partner Notification Strategies for HIV/STI Control in Peru
NCT01720641,5K23MH084611-04,2012,151200.0,National Institute of Mental Health,,"CLARK, JESSE LAWTON",Partner Notification Strategies for HIV/STI Control in Peru
NCT01720641,5K23MH084611-03,2011,151200.0,National Institute of Mental Health,,"CLARK, JESSE LAWTON",Partner Notification Strategies for HIV/STI Control in Peru
NCT01720641,5K23MH084611-02,2010,151200.0,National Institute of Mental Health,,"CLARK, JESSE LAWTON",Partner Notification Strategies for HIV/STI Control in Peru
NCT01720641,1K23MH084611-01A2,2009,150101.0,National Institute of Mental Health,,"CLARK, JESSE LAWTON",Partner Notification Strategies for HIV/STI Control in Peru
NCT04374708,1R01HD087712-01A1,2017,547164.0,Eunice Kennedy Shriver National Institute of Child Health and Human Development,,"FEUSNER, JAMIE ",Gender identity and own body perception implications for the neurobiology of gender dysphoria
NCT03652623,5R01MH114753-05,2022,565163.0,National Institute of Mental Health,,"HOSEK, SYBIL ","Transgender Youth and PrEP: PK, Safety, Uptake & Adherence"
NCT03652623,3R01MH114753-05S1,2022,58540.0,National Institute of Mental Health,,"HOSEK, SYBIL ","Transgender Youth and PrEP: PK, Safety, Uptake & Adherence"
NCT03652623,5R01MH114753-04,2021,610860.0,National Institute of Mental Health,,"HOSEK, SYBIL ","Transgender Youth and PrEP: PK, Safety, Uptake & Adherence"
NCT03652623,3R01MH114753-04S1,2021,132996.0,National Institute of Mental Health,,"HOSEK, SYBIL ",Implement TransPrEP
NCT03652623,5R01MH114753-03,2020,638352.0,National Institute of Mental Health,,"HOSEK, SYBIL ","Transgender Youth and PrEP: PK, Safety, Uptake & Adherence"
NCT03652623,5R01MH114753-02,2019,627560.0,National Institute of Mental Health,,"HOSEK, SYBIL ","Transgender Youth and PrEP: PK, Safety, Uptake & Adherence"
NCT03652623,1R01MH114753-01,2018,665381.0,National Institute of Mental Health,,"HOSEK, SYBIL ","Transgender Youth and PrEP: PK, Safety, Uptake & Adherence"
NCT03877497,5R00DA046311-05,2022,248968.0,National Institute on Drug Abuse,,"CYRUS, ELENA ",To Reach Unrestricted Services for Transgender Women (TRUST)
NCT03877497,5R00DA046311-04,2021,248918.0,National Institute on Drug Abuse,,"CYRUS, ELENA ",To Reach Unrestricted Services for Transgender Women (TRUST)
NCT03877497,4R00DA046311-03,2020,248940.0,National Institute on Drug Abuse,,"CYRUS, ELENA ",To Reach Unrestricted Services for Transgender Women (TRUST)
NCT03877497,5K99DA046311-02,2019,179707.0,National Institute on Drug Abuse,,"CYRUS, ELENA ",To Reach Unrestricted Services for Transgender Women (TRUST)
NCT03877497,1K99DA046311-01,2018,159494.0,National Institute on Drug Abuse,,"CYRUS, ELENA ",To Reach Unrestricted Services for Transgender Women (TRUST)
NCT06414408,5R01AI186641-02,2025,813232.0,National Institute of Allergy and Infectious Diseases,,"SPINELLI, MATTHEW A.",Randomized Directly Observed Therapy Study to Interpret Clinical Trials of Doxy-PEP
NCT06414408,1R01AI186641-01,2024,781821.0,National Institute of Allergy and Infectious Diseases,,"SPINELLI, MATTHEW A.",Randomized Directly Observed Therapy Study to Interpret Clinical Trials of Doxy-PEP
NCT05175170,5R21HD097459-02,2019,192350.0,Eunice Kennedy Shriver National Institute of Child Health and Human Development,,"CHEN, DIANE ",Fertility Decision-Making in Youth and Young Adults
NCT03774160,5R01MH109401-04,2019,567502.0,National Institute of Mental Health,,"KEGELES, SUSAN M.","Combination HIV Prevention, Linking Prevention and Care, for Hispanic Men"
NCT04225832,5R01MH121256-05,2023,830958.0,National Institute of Mental Health,,"BOGART, LAURA M",Promoting Reductions in Intersectional Stigma to Improve HIV Testing and PrEP Use Among Latino Sexual Minority Men
NCT04225832,5R01MH121256-04,2022,764384.0,National Institute of Mental Health,,"BOGART, LAURA M",Promoting Reductions in Intersectional Stigma to Improve HIV Testing and PrEP Use Among Latino Sexual Minority Men
NCT04225832,5R01MH121256-03,2021,715688.0,National Institute of Mental Health,,"BOGART, LAURA M",Promoting Reductions in Intersectional Stigma to Improve HIV Testing and PrEP Use Among Latino Sexual Minority Men
NCT04225832,5R01MH121256-02,2020,718817.0,National Institute of Mental Health,,"BOGART, LAURA M",Promoting Reductions in Intersectional Stigma to Improve HIV Testing and PrEP Use Among Latino Sexual Minority Men
NCT04225832,1R01MH121256-01,2019,733752.0,National Institute of Mental Health,,"BOGART, LAURA M",Promoting Reductions in Intersectional Stigma to Improve HIV Testing and PrEP Use Among Latino Sexual Minority Men
NCT05646446,5R34AA030035-03,2024,275273.0,National Institute on Alcohol Abuse and Alcoholism,,"ORCHOWSKI, LINDSAY MARIE",Integrated Alcohol and Sexual Assault Prevention for Bisexual Women
NCT05646446,5R34AA030035-02,2023,194058.0,National Institute on Alcohol Abuse and Alcoholism,,"ORCHOWSKI, LINDSAY MARIE",Integrated Alcohol and Sexual Assault Prevention for Bisexual Women
NCT05646446,1R34AA030035-01,2022,250093.0,National Institute on Alcohol Abuse and Alcoholism,,"ORCHOWSKI, LINDSAY MARIE",Integrated Alcohol and Sexual Assault Prevention for Bisexual Women
NCT03511131,5U01MD011281-05,2020,1639110.0,National Institute on Minority Health and Health Disparities,,"MUSTANSKI, BRIAN ",A Pragmatic Trial of An Adaptive eHealth HIV Prevention Program for Diverse Adolescent MSM
NCT03511131,5U01MD011281-04,2019,1894462.0,National Institute on Minority Health and Health Disparities,,"MUSTANSKI, BRIAN ",A Pragmatic Trial of An Adaptive eHealth HIV Prevention Program for Diverse Adolescent MSM
NCT03511131,5U01MD011281-03,2018,1898521.0,National Institute on Minority Health and Health Disparities,,"MUSTANSKI, BRIAN ",A Pragmatic Trial of An Adaptive eHealth HIV Prevention Program for Diverse Adolescent MSM
NCT03511131,5U01MD011281-02,2017,1932980.0,National Institute on Minority Health and Health Disparities,,"MUSTANSKI, BRIAN ",A Pragmatic Trial of An Adaptive eHealth HIV Prevention Program for Diverse Adolescent MSM
NCT04233931,1R43MH112221-01A1,2017,224954.0,National Institute of Mental Health,,"WEITZMAN, PATRICIA FLYNN",Mhealth for Pre-exposure Prophylaxis Adherence by Young Adult MSM
NCT04633200,2R44MH112221-02,2020,498759.0,National Institute of Mental Health,,"WEITZMAN, PATRICIA FLYNN",Mhealth for Pre-exposure Prophylaxis Adherence by Young Adult MSM
NCT03896776,5R01MH118213-05,2022,1453717.0,National Institute of Mental Health,,"MUSTANSKI, BRIAN ",A pragmatic trial of two strategies for implementing an effective eHealth HIV prevention program
NCT03896776,5R01MH118213-04,2021,1510118.0,National Institute of Mental Health,,"MUSTANSKI, BRIAN ",A pragmatic trial of two strategies for implementing an effective eHealth HIV prevention program
NCT03896776,5R01MH118213-03,2020,1891888.0,National Institute of Mental Health,,"MUSTANSKI, BRIAN ",A pragmatic trial of two strategies for implementing an effective eHealth HIV prevention program
NCT03896776,5R01MH118213-02,2019,2042260.0,National Institute of Mental Health,,"MUSTANSKI, BRIAN ",A pragmatic trial of two strategies for implementing an effective eHealth HIV prevention program
NCT03896776,1R01MH118213-01,2018,1944720.0,National Institute of Mental Health,,"MUSTANSKI, BRIAN ",A pragmatic trial of two strategies for implementing an effective eHealth HIV prevention program
NCT03284541,1DP2DA042417-01,2016,2317500.0,National Institute on Drug Abuse,,"NEWCOMB, MICHAEL E",A New Approach to Integrating Primary and Secondary HIV Prevention in Young Male Couples
NCT02023580,1R01MH100973-01A1,2014,576319.0,National Institute of Mental Health,,"HIRSHFIELD, SABINA ",Scale-up of an Internet-Delivered Randomized Controlled Trial for HIV+ Men
NCT03186534,5R01AA024065-05,2020,443046.0,National Institute on Alcohol Abuse and Alcoholism,,"NEWCOMB, MICHAEL E",Efficacy of Couples-Based HIV Prevention in Vulnerable Young Men
NCT03186534,5R01AA024065-04,2019,508522.0,National Institute on Alcohol Abuse and Alcoholism,,"NEWCOMB, MICHAEL E",Efficacy of Couples-Based HIV Prevention in Vulnerable Young Men
NCT03186534,5R01AA024065-03,2018,595067.0,National Institute on Alcohol Abuse and Alcoholism,,"NEWCOMB, MICHAEL E",Efficacy of Couples-Based HIV Prevention in Vulnerable Young Men
NCT03186534,5R01AA024065-02,2017,595067.0,National Institute on Alcohol Abuse and Alcoholism,,"NEWCOMB, MICHAEL E",Efficacy of Couples-Based HIV Prevention in Vulnerable Young Men
NCT03186534,1R01AA024065-01A1,2016,627232.0,National Institute on Alcohol Abuse and Alcoholism,,"NEWCOMB, MICHAEL E",Efficacy of Couples-Based HIV Prevention in Vulnerable Young Men
NCT03313765,5R34DA042648-03,2019,227406.0,National Institute on Drug Abuse,,"CHAN, PHILIP ANDREW",A brief motivational interviewing-based intervention to improve HIV pre-exposure prophylaxis uptake among men who have sex with men
NCT03313765,5R34DA042648-02,2018,227159.0,National Institute on Drug Abuse,,"CHAN, PHILIP ANDREW",A brief motivational interviewing-based intervention to improve HIV pre-exposure prophylaxis uptake among men who have sex with men
NCT03313765,1R34DA042648-01A1,2017,237746.0,National Institute on Drug Abuse,,"CHAN, PHILIP ANDREW",A brief motivational interviewing-based intervention to improve HIV pre-exposure prophylaxis uptake among men who have sex with men
NCT03125915,5R34DA036419-04,2016,228961.0,National Institute on Drug Abuse,,"STARKS, TYREL J",Addressing substance use through CVCT
NCT03125915,5R34DA036419-03,2015,265886.0,National Institute on Drug Abuse,,"STARKS, TYREL J",Addressing substance use through CVCT
NCT03125915,7R34DA036419-02,2014,174043.0,National Institute on Drug Abuse,,"STARKS, TYREL J",Addressing substance use through CVCT
NCT00649701,5UR6PS000415-02,2007,226632.0,"National Center for HIVAIDS, Viral Hepatitis, STD, and TB Prevention",,"HIRSHFIELD, SABINA ",A Novel Online Intervention to Reduce Sexual Risk Among Men Who Meet Men Online
NCT00649701,1UR6PS000415-01,2006,193307.0,"National Center for HIVAIDS, Viral Hepatitis, STD, and TB Prevention",,"HIRSHFIELD, SABINA ",A Novel Online Intervention to Reduce Sexual Risk Among Men Who Meet Men Online
NCT03198663,5R01MH104106-05,2019,570080.0,National Institute of Mental Health,,"HOSEK, SYBIL ",POSSE Project: A Community-Level Intervention for Black YMSM
NCT03198663,5R01MH104106-04,2018,680769.0,National Institute of Mental Health,,"HOSEK, SYBIL ",POSSE Project: A Community-Level Intervention for Black YMSM
NCT03198663,5R01MH104106-03,2017,677401.0,National Institute of Mental Health,,"HOSEK, SYBIL ",POSSE Project: A Community-Level Intervention for Black YMSM
NCT03198663,5R01MH104106-02,2016,666840.0,National Institute of Mental Health,,"HOSEK, SYBIL ",POSSE Project: A Community-Level Intervention for Black YMSM
NCT03198663,1R01MH104106-01A1,2015,608169.0,National Institute of Mental Health,,"HOSEK, SYBIL ",POSSE Project: A Community-Level Intervention for Black YMSM
NCT06739772,1R21TW012728-01A1,2024,201823.0,John E. Fogarty International Center for Advanced Study in the Health Sciences,,"ASARE, MATTHEW ",Development of implementation toolkits to promote HPV self-sampling behavior among Women Living with HIV in Ghana
NCT03940508,1R34MH119290-01,2019,241592.0,National Institute of Mental Health,,"LINDSEY, MICHAEL A.",Engaging Black Youth in Depression and Suicide Prevention Treatment within Urban Schools: A Preliminary Study
NCT07322042,3R43MH130293-02S1,2025,55000.0,National Institute of Mental Health,,"KERPPOLA, MARIANNA ",Development of an empathetic chatbot to monitor perinatal mental health longitudinally
NCT07322042,6R43MH130293-02,2024,400972.0,National Institute of Mental Health,,"KERPPOLA, MARIANNA ",Development of an empathetic chatbot to monitor perinatal mental health longitudinally
NCT07322042,1R43MH130293-01A1,2023,431081.0,National Institute of Mental Health,,"KERPPOLA, MARIANNA ",Development of an empathetic chatbot to monitor perinatal mental health longitudinally
NCT03930017,5R01ES026973-05,2021,600834.0,National Institute of Environmental Health Sciences,,"HEANEY, CHRISTOPHER D",Arsenic and immune response to influenza vaccination in pregnant women and newborns
NCT03930017,5R01ES026973-04,2020,845326.0,National Institute of Environmental Health Sciences,,"HEANEY, CHRISTOPHER D",Arsenic and immune response to influenza vaccination in pregnant women and newborns
NCT03930017,5R01ES026973-03,2019,633416.0,National Institute of Environmental Health Sciences,,"HEANEY, CHRISTOPHER D",Arsenic and immune response to influenza vaccination in pregnant women and newborns
NCT03930017,3R01ES026973-03S1,2019,244715.0,National Institute of Environmental Health Sciences,,"HEANEY, CHRISTOPHER D",Arsenic and immune response to influenza vaccination in pregnant women and newborns
NCT03930017,5R01ES026973-02,2018,649434.0,National Institute of Environmental Health Sciences,,"HEANEY, CHRISTOPHER D",Arsenic and immune response to influenza vaccination in pregnant women and newborns
NCT03930017,1R01ES026973-01A1,2017,653337.0,National Institute of Environmental Health Sciences,,"HEANEY, CHRISTOPHER D",Arsenic and immune response to influenza vaccination in pregnant women and newborns
NCT06848335,1R01HL171195-01A1,2024,722190.0,National Heart Lung and Blood Institute,,"MARCUS, BESS HYA",Improving Physical Activity Participation in Latinas with Mindfulness
NCT05386316,5R01MD016003-05,2024,746296.0,National Institute on Minority Health and Health Disparities,,"JOHNSON, JENNIFER E",Meeting women where they are: Multilevel intervention addressing racial disparities in maternal morbidity and mortality
NCT05386316,5R01MD016003-04,2023,776228.0,National Institute on Minority Health and Health Disparities,,"JOHNSON, JENNIFER E",Meeting women where they are: Multilevel intervention addressing racial disparities in maternal morbidity and mortality
NCT05386316,5R01MD016003-03,2022,780884.0,National Institute on Minority Health and Health Disparities,,"JOHNSON, JENNIFER E",Meeting women where they are: Multilevel intervention addressing racial disparities in maternal morbidity and mortality
NCT05386316,5R01MD016003-02,2021,782449.0,National Institute on Minority Health and Health Disparities,,"JOHNSON, JENNIFER E",Meeting women where they are: Multilevel intervention addressing racial disparities in maternal morbidity and mortality
NCT05386316,3R01MD016003-02S1,2021,219090.0,National Institute on Minority Health and Health Disparities,,"JOHNSON, JENNIFER E",Meeting women where they are: Multilevel intervention addressing racial disparities in maternal morbidity and mortality - Administrative Supplement
NCT05386316,1R01MD016003-01,2020,800966.0,National Institute on Minority Health and Health Disparities,,"JOHNSON, JENNIFER E",Meeting women where they are: Multilevel intervention addressing racial disparities in maternal morbidity and mortality
NCT05614492,1R34MH127986-01,2021,263037.0,National Institute of Mental Health,,"WILLIE, TIARA C.",Development and Evaluation of a PrEP Decision Aid for Women Seeking Domestic Violence Services in Baltimore
NCT03698981,1R21TW011084-01,2018,194258.0,John E. Fogarty International Center for Advanced Study in the Health Sciences,,"YANG, LAWRENCE H",RCT to reduce stigma and improve treatment adherence in HIV+ pregnant women in Botswana
NCT03164577,5R21AT005360-02,2011,185337.0,National Center for Complementary and Integrative Health,,"DICKERSON, DANIEL LEE",Drum-Assisted Recovery Therapy for Native Americans
NCT03164577,1R21AT005360-01A1,2010,155684.0,National Center for Complementary and Integrative Health,,"DICKERSON, DANIEL LEE",Drum-Assisted Recovery Therapy for Native Americans
NCT03164577,1R34AA024818-01,2016,207533.0,National Institute on Alcohol Abuse and Alcoholism,,"DICKERSON, DANIEL LEE",Utilizing Traditional Practices to Decrease Substance Use Among Native Americans
NCT05010187,5K23AA028513-02,2021,191784.0,National Institute on Alcohol Abuse and Alcoholism,,"NORRIS, ALYSSA ",Preventing alcohol misuse and consequences in vulnerable women
NCT05010187,1K23AA028513-01,2020,191784.0,National Institute on Alcohol Abuse and Alcoholism,,"NORRIS, ALYSSA ",Preventing alcohol misuse and consequences in vulnerable women
NCT02650258,3R01AG049024-05S1,2018,165232.0,National Institute on Aging,,"TUDOR-LOCKE, CATRINE E.",CADENCE-Adults:  Cadence and Intensity Across the Adult Lifespan
NCT06815939,4R44CA247137-03,2023,1286675.0,National Cancer Institute,,"LEVITZ, DAVID ",Validation of a lab-free low-cost screening test for prevention of cervical cancer: automated visual evaluation
NCT05727332,5U54GM115428-10,2025,444936.0,National Institute of General Medical Sciences,,"JONES, ALAN E",Research Services Core
NCT05727332,5U54GM115428-10,2025,3550007.0,National Institute of General Medical Sciences,,"GRANGER, JOEY P.",Mississippi Center for Clinical and Translational Research
NCT05727332,5U54GM115428-10,2025,622566.0,National Institute of General Medical Sciences,,"GOMEZ-SANCHEZ, CELSO ENRIQUE",Pilot Projects Program
NCT05727332,5U54GM115428-10,2025,489492.0,National Institute of General Medical Sciences,,"GRANGER, JOEY P.",Administrative Core
NCT05727332,5U54GM115428-10,2025,674859.0,National Institute of General Medical Sciences,,"HALL, JOHN E",Professional Development Core
NCT05727332,5U54GM115428-10,2025,345520.0,National Institute of General Medical Sciences,,"LIRETTE, SETH ","Biostatistics, Epidemiology and Research Design (BERD) Core"
NCT05727332,5U54GM115428-10,2025,782751.0,National Institute of General Medical Sciences,,"COMPRETTA, CAROLINE E.",Community Engagement and Outreach (CEO) Core
NCT05727332,5U54GM115428-10,2025,189883.0,National Institute of General Medical Sciences,,"MASON, SARAH ",Tracking and Evaluation Core
NCT05727332,5U54GM115428-09,2024,414648.0,National Institute of General Medical Sciences,,"LIRETTE, SETH ","Biostatistics, Epidemiology and Research Design (BERD) Core"
NCT05727332,5U54GM115428-09,2024,215323.0,National Institute of General Medical Sciences,,"MASON, SARAH ",Tracking and Evaluation Core
NCT05727332,5U54GM115428-09,2024,747121.0,National Institute of General Medical Sciences,,"GOMEZ-SANCHEZ, CELSO ENRIQUE",Pilot Projects Program
NCT05727332,5U54GM115428-09,2024,3997580.0,National Institute of General Medical Sciences,,"GRANGER, JOEY P.",Mississippi Center for Clinical and Translational Research
NCT05727332,5U54GM115428-09,2024,809878.0,National Institute of General Medical Sciences,,"HALL, JOHN E",Professional Development Core
NCT05727332,5U54GM115428-09,2024,533954.0,National Institute of General Medical Sciences,,"JONES, ALAN E",Research Services Core
NCT05727332,5U54GM115428-09,2024,668384.0,National Institute of General Medical Sciences,,"COMPRETTA, CAROLINE E.",Community Engagement and Outreach (CEO) Core
NCT05727332,5U54GM115428-09,2024,608272.0,National Institute of General Medical Sciences,,"GRANGER, JOEY P.",Administrative Core
NCT05727332,3U54GM115428-09S1,2024,779372.0,National Institute of General Medical Sciences,,"GRANGER, JOEY P.",Mississippi Center for Clinical and Translational Research
NCT05727332,5U54GM115428-08,2023,215316.0,National Institute of General Medical Sciences,,"MASON, SARAH ",Tracking and Evaluation Core
NCT05727332,5U54GM115428-08,2023,747085.0,National Institute of General Medical Sciences,,"GOMEZ-SANCHEZ, CELSO ENRIQUE",Pilot Projects Program
NCT05727332,5U54GM115428-08,2023,669684.0,National Institute of General Medical Sciences,,"COMPRETTA, CAROLINE E.",Community Engagement and Outreach (CEO) Core
NCT05727332,5U54GM115428-08,2023,587397.0,National Institute of General Medical Sciences,,"GRANGER, JOEY P.",Administrative Core
NCT05727332,5U54GM115428-08,2023,414627.0,National Institute of General Medical Sciences,,"LIRETTE, SETH ","Biostatistics, Epidemiology and Research Design (BERD) Core"
NCT05727332,5U54GM115428-08,2023,3977878.0,National Institute of General Medical Sciences,,"GRANGER, JOEY P.",Mississippi Center for Clinical and Translational Research
NCT05727332,5U54GM115428-08,2023,809840.0,National Institute of General Medical Sciences,,"HALL, JOHN E",Professional Development Core
NCT05727332,5U54GM115428-08,2023,533929.0,National Institute of General Medical Sciences,,"JONES, ALAN E",Research Services Core
NCT05727332,3U54GM115428-08S1,2023,267676.0,National Institute of General Medical Sciences,,"GRANGER, JOEY P.",MCCTR/UMMC Year4 N3C Grant Initiative
NCT05727332,5U54GM115428-07,2022,423195.0,National Institute of General Medical Sciences,,"LIRETTE, SETH ","Biostatistics, Epidemiology and Research Design (BERD) Core"
NCT05727332,5U54GM115428-07,2022,620810.0,National Institute of General Medical Sciences,,"GRANGER, JOEY P.",Administrative Core
NCT05727332,5U54GM115428-07,2022,3995465.0,National Institute of General Medical Sciences,,"GRANGER, JOEY P.",Mississippi Center for Clinical and Translational Research
NCT05727332,5U54GM115428-07,2022,601507.0,National Institute of General Medical Sciences,,"COMPRETTA, CAROLINE E.",Community Engagement and Outreach (CEO) Core
NCT05727332,5U54GM115428-07,2022,215901.0,National Institute of General Medical Sciences,,"MASON, SARAH ",Tracking and Evaluation Core
NCT05727332,5U54GM115428-07,2022,826574.0,National Institute of General Medical Sciences,,"HALL, JOHN E",Professional Development Core
NCT05727332,5U54GM115428-07,2022,544959.0,National Institute of General Medical Sciences,,"JONES, ALAN E",Research Services Core
NCT05727332,5U54GM115428-07,2022,762519.0,National Institute of General Medical Sciences,,"GOMEZ-SANCHEZ, CELSO ENRIQUE",Pilot Projects Program
NCT05727332,2U54GM115428-06,2021,2106570.0,National Institute of General Medical Sciences,,"GRANGER, JOEY P.",Mississippi Center for Clinical and Translational Research
NCT05727332,2U54GM115428-06,2021,113852.0,National Institute of General Medical Sciences,,"MASON, SARAH ",Tracking and Evaluation Core
NCT05727332,2U54GM115428-06,2021,449806.0,National Institute of General Medical Sciences,,"HALL, JOHN E",Professional Development Core
NCT05727332,2U54GM115428-06,2021,230296.0,National Institute of General Medical Sciences,,"LIRETTE, SETH ","Biostatistics, Epidemiology and Research Design (BERD) Core"
NCT05727332,2U54GM115428-06,2021,326255.0,National Institute of General Medical Sciences,,"GRANGER, JOEY P.",Administrative Core
NCT05727332,2U54GM115428-06,2021,292004.0,National Institute of General Medical Sciences,,"COMPRETTA, CAROLINE E.",Community Engagement and Outreach (CEO) Core
NCT05727332,2U54GM115428-06,2021,296559.0,National Institute of General Medical Sciences,,"JONES, ALAN E",Research Services Core
NCT05727332,2U54GM115428-06,2021,397798.0,National Institute of General Medical Sciences,,"GOMEZ-SANCHEZ, CELSO ENRIQUE",Pilot Projects Program
NCT05727332,5U54GM115428-05,2020,598920.0,National Institute of General Medical Sciences,,"GOMEZ-SANCHEZ, CELSO ENRIQUE",Pilot Projects Program
NCT05727332,5U54GM115428-05,2020,552482.0,National Institute of General Medical Sciences,,"JONES, ALAN E",Research Service Center
NCT05727332,5U54GM115428-05,2020,606941.0,National Institute of General Medical Sciences,,"WILSON, JAMES GRAHAM",Mississippi CCTR Administrative Core
NCT05727332,5U54GM115428-05,2020,303700.0,National Institute of General Medical Sciences,,"RECKELHOFF, JANE F",Tracking and Evaluation Core
NCT05727332,5U54GM115428-05,2020,845780.0,National Institute of General Medical Sciences,,"GRISWOLD, MICHAEL E","Biostatistics, Epidemiology, and Research Design Core"
NCT05727332,5U54GM115428-05,2020,1079261.0,National Institute of General Medical Sciences,,"HALL, JOHN E",Professional Development Core
NCT05727332,5U54GM115428-05,2020,3987084.0,National Institute of General Medical Sciences,,"GRANGER, JOEY P.",Mississippi Center for Clinical and Translational Research
NCT05727332,5U54GM115428-04,2019,303700.0,National Institute of General Medical Sciences,,"RECKELHOFF, JANE F",Tracking and Evaluation Core
NCT05727332,5U54GM115428-04,2019,598920.0,National Institute of General Medical Sciences,,"GOMEZ-SANCHEZ, CELSO ENRIQUE",Pilot Projects Program
NCT05727332,5U54GM115428-04,2019,552482.0,National Institute of General Medical Sciences,,"JONES, ALAN E",Research Service Center
NCT05727332,5U54GM115428-04,2019,3989919.0,National Institute of General Medical Sciences,,"GRANGER, JOEY P.",Mississippi Center for Clinical and Translational Research
NCT05727332,5U54GM115428-04,2019,606939.0,National Institute of General Medical Sciences,,"WILSON, JAMES GRAHAM",Mississippi CCTR Administrative Core
NCT05727332,5U54GM115428-04,2019,859470.0,National Institute of General Medical Sciences,,"GRISWOLD, MICHAEL E","Biostatistics, Epidemiology, and Research Design Core"
NCT05727332,5U54GM115428-04,2019,1068408.0,National Institute of General Medical Sciences,,"HALL, JOHN E",Professional Development Core
NCT05727332,5U54GM115428-03,2018,778031.0,National Institute of General Medical Sciences,,"GRISWOLD, MICHAEL E","Biostatistics, Epidemiology, and Research Design Core"
NCT05727332,5U54GM115428-03,2018,3654273.0,National Institute of General Medical Sciences,,"WILSON, JAMES GRAHAM",Mississippi Center for Clinical and Translational Research
NCT05727332,5U54GM115428-03,2018,559179.0,National Institute of General Medical Sciences,,"WILSON, JAMES GRAHAM",Mississippi CCTR Administrative Core
NCT05727332,5U54GM115428-03,2018,551792.0,National Institute of General Medical Sciences,,"GOMEZ-SANCHEZ, CELSO ENRIQUE",Pilot Projects Program
NCT05727332,5U54GM115428-03,2018,279801.0,National Institute of General Medical Sciences,,"RECKELHOFF, JANE F",Tracking and Evaluation Core
NCT05727332,5U54GM115428-03,2018,509007.0,National Institute of General Medical Sciences,,"JONES, ALAN E",Research Service Center
NCT05727332,5U54GM115428-03,2018,976463.0,National Institute of General Medical Sciences,,"HALL, JOHN E",Professional Development Core
NCT05727332,5U54GM115428-02,2017,303701.0,National Institute of General Medical Sciences,,"LINDSEY, MERRY ",Tracking and Evaluation Core
NCT05727332,5U54GM115428-02,2017,606939.0,National Institute of General Medical Sciences,,"WILSON, JAMES GRAHAM",Mississippi CCTR Administrative Core
NCT05727332,5U54GM115428-02,2017,552482.0,National Institute of General Medical Sciences,,"JONES, ALAN E",Research Service Center
NCT05727332,5U54GM115428-02,2017,598921.0,National Institute of General Medical Sciences,,"GOMEZ-SANCHEZ, CELSO ENRIQUE",Pilot Projects Program
NCT05727332,5U54GM115428-02,2017,3976230.0,National Institute of General Medical Sciences,,"WILSON, JAMES GRAHAM",Mississippi Center for Clinical and Translational Research
NCT05727332,5U54GM115428-02,2017,845780.0,National Institute of General Medical Sciences,,"MIN, YUAN-I ","Biostatistics, Epidemiology, and Research Design Core"
NCT05727332,5U54GM115428-02,2017,1068407.0,National Institute of General Medical Sciences,,"HALL, JOHN E",Professional Development Core
NCT05727332,1U54GM115428-01,2016,476921.0,National Institute of General Medical Sciences,,"GOMEZ-SANCHEZ, CELSO ENRIQUE",Pilot Projects Program
NCT05727332,1U54GM115428-01,2016,303701.0,National Institute of General Medical Sciences,,"RECKELHOFF, JANE F",Tracking and Evaluation Core
NCT05727332,1U54GM115428-01,2016,3916053.0,National Institute of General Medical Sciences,,"WILSON, JAMES GRAHAM",Mississippi Center for Clinical and Translational Research
NCT05727332,1U54GM115428-01,2016,1104887.0,National Institute of General Medical Sciences,,"HALL, JOHN E",Professional Development Core
NCT05727332,1U54GM115428-01,2016,616089.0,National Institute of General Medical Sciences,,"WILSON, JAMES GRAHAM",Mississippi CCTR Administrative Core
NCT05727332,1U54GM115428-01,2016,552482.0,National Institute of General Medical Sciences,,"JONES, ALAN E",Research Service Center
NCT05727332,1U54GM115428-01,2016,861973.0,National Institute of General Medical Sciences,,"GRISWOLD, MICHAEL E","Clinical Research Design, Epidemiology, and Biostatistics Core"
NCT02458365,3R44MH086129-03S1,2010,99272.0,National Institute of Mental Health,,"LEVESQUE, DEBORAH A",A Stage-Based Expert System for Teen Dating Violence Prevention
NCT02458365,5R44MH086129-03,2009,215351.0,National Institute of Mental Health,,"LEVESQUE, DEBORAH A",A Stage-Based Expert System for Teen Dating Violence Prevention
NCT02458365,9R44MH086129-02A1,2008,533634.0,National Institute of Mental Health,,"LEVESQUE, DEBORAH A",A Stage-Based Expert System for Teen Dating Violence Prevention
NCT03648385,5R01HL141268-05,2022,737368.0,National Heart Lung and Blood Institute,,"VENTETUOLO, COREY E",Effects of DHEA in Pulmonary Hypertension (DiPH)
NCT03648385,5R01HL141268-04,2021,742202.0,National Heart Lung and Blood Institute,,"VENTETUOLO, COREY E",Effects of DHEA in Pulmonary Hypertension (DiPH)
NCT03648385,5R01HL141268-03,2020,751593.0,National Heart Lung and Blood Institute,,"VENTETUOLO, COREY E",Effects of DHEA in Pulmonary Hypertension (DiPH)
NCT03648385,5R01HL141268-02,2019,758586.0,National Heart Lung and Blood Institute,,"VENTETUOLO, COREY E",Effects of DHEA in Pulmonary Hypertension (DiPH)
NCT03648385,1R01HL141268-01,2018,730713.0,National Heart Lung and Blood Institute,,"VENTETUOLO, COREY E",Effects of DHEA in Pulmonary Hypertension (DiPH)
NCT01280838,5R01DA029008-05,2014,656537.0,National Institute on Drug Abuse,,"PATTERSON, THOMAS L.","Safer sex intervention for male clients of female sex workers in Tijuana, Mexico"
NCT01280838,5R01DA029008-04,2013,559950.0,National Institute on Drug Abuse,,"PATTERSON, THOMAS L.","Safer sex intervention for male clients of female sex workers in Tijuana, Mexico"
NCT01280838,3R01DA029008-04S1,2013,96100.0,National Institute on Drug Abuse,,"PATTERSON, THOMAS L.","Safer sex intervention for male clients of female sex workers in Tijuana, Mexico"
NCT01280838,5R01DA029008-03,2012,586764.0,National Institute on Drug Abuse,,"PATTERSON, THOMAS L.","Safer sex intervention for male clients of female sex workers in Tijuana, Mexico"
NCT01280838,5R01DA029008-02,2011,588588.0,National Institute on Drug Abuse,,"PATTERSON, THOMAS L.","Safer sex intervention for male clients of female sex workers in Tijuana, Mexico"
NCT01280838,1R01DA029008-01,2010,608748.0,National Institute on Drug Abuse,,"PATTERSON, THOMAS L.","Safer sex intervention for male clients of female sex workers in Tijuana, Mexico"
NCT05599581,5R01MH125671-05,2025,909729.0,National Institute of Mental Health,,"ROBERTS, SARAH TYLER",A relationship-focused intervention to reduce intimate partner violence and increase PrEP uptake and adherence among adolescent girls and young women in Kenya
NCT05599581,3R01MH125671-04S1,2025,106162.0,National Institute of Mental Health,,"ROBERTS, SARAH TYLER",Competing Revision: Adding costing activities to the Tu'Washindi Study
NCT05599581,5R01MH125671-04,2024,670476.0,National Institute of Mental Health,,"ROBERTS, SARAH TYLER",Tu'Washindi: A relationship-focused intervention to reduce GBV and increase PrEP uptake and adherence among Kenyan AGYW
NCT05599581,5R01MH125671-03,2023,651257.0,National Institute of Mental Health,,"ROBERTS, SARAH TYLER",Tu'Washindi: A relationship-focused intervention to reduce GBV and increase PrEP uptake and adherence among Kenyan AGYW
NCT05599581,5R01MH125671-02,2022,656636.0,National Institute of Mental Health,,"ROBERTS, SARAH TYLER",Tu'Washindi: A relationship-focused intervention to reduce GBV and increase PrEP uptake and adherence among Kenyan AGYW
NCT05599581,1R01MH125671-01A1,2021,773884.0,National Institute of Mental Health,,"ROBERTS, SARAH TYLER",Tu'Washindi: A relationship-focused intervention to reduce GBV and increase PrEP uptake and adherence among Kenyan AGYW
NCT04858243,5R01MH122308-05,2024,544036.0,National Institute of Mental Health,,"DOVEL, KATHRYN L",Engaging men through HIV self-test and differentiated care models to increase ART initiation and viral suppression in Malawi
NCT04858243,5R01MH122308-04,2023,515387.0,National Institute of Mental Health,,"COATES, THOMAS J.",Engaging men through HIV self-test and differentiated care models to increase ART initiation and viral suppression in Malawi
NCT04858243,5R01MH122308-03,2022,515387.0,National Institute of Mental Health,,"COATES, THOMAS J.",Engaging men through HIV self-test and differentiated care models to increase ART initiation and viral suppression in Malawi
NCT04858243,5R01MH122308-02,2021,518257.0,National Institute of Mental Health,,"COATES, THOMAS J.",Engaging men through HIV self-test and differentiated care models to increase ART initiation and viral suppression in Malawi
NCT04858243,1R01MH122308-01A1,2020,643041.0,National Institute of Mental Health,,"COATES, THOMAS J.",Engaging men through HIV self-test and differentiated care models to increase ART initiation and viral suppression in Malawi
NCT06816329,5R01MH137441-02,2026,705959.0,National Institute of Mental Health,,"BELLEAU, EMILY ","Tracking the dynamic trajectory of behavioral, physiological, and neurobiological stress responses in female adolescents at high and low familial risk for depression."
NCT06816329,1R01MH137441-01A1,2025,792441.0,National Institute of Mental Health,,"BELLEAU, EMILY ","Tracking the dynamic trajectory of behavioral, physiological, and neurobiological stress responses in female adolescents at high and low familial risk for depression."
NCT07574619,5R01MH137873-02,2025,546700.0,National Institute of Mental Health,,"MINNIS, ALEXANDRA M",Improving Choice and Use of Biomedical HIV Prevention for Women in Uganda: A Couples-Based Approach
NCT07574619,3R01MH137873-02S1,2025,220932.0,National Institute of Mental Health,,"MINNIS, ALEXANDRA M",Improving Choice and Use of Biomedical HIV Prevention for Women in Uganda: A Couples-Based Approach
NCT07574619,1R01MH137873-01,2024,783113.0,National Institute of Mental Health,,"MINNIS, ALEXANDRA M",Improving Choice and Use of Biomedical HIV Prevention for Women in Uganda: A Couples-Based Approach
NCT02447484,5R01DA039071-05,2019,624292.0,National Institute on Drug Abuse,,"PATTERSON, THOMAS L.",Texting intervention to sustain HIV prevention in women in high-drug-use contexts
NCT02447484,5R01DA039071-04,2018,631616.0,National Institute on Drug Abuse,,"PATTERSON, THOMAS L.",Texting intervention to sustain HIV prevention in women in high-drug-use contexts
NCT02447484,5R01DA039071-03,2017,631616.0,National Institute on Drug Abuse,,"PATTERSON, THOMAS L.",Texting intervention to sustain HIV prevention in women in high-drug-use contexts
NCT02447484,3R01DA039071-03S1,2017,96875.0,National Institute on Drug Abuse,,"PATTERSON, THOMAS L.",Texting intervention to sustain HIV prevention in women in high-drug-use contexts
NCT02447484,5R01DA039071-02,2016,638073.0,National Institute on Drug Abuse,,"PATTERSON, THOMAS L.",Texting intervention to sustain HIV prevention in women in high-drug-use contexts
NCT02447484,1R01DA039071-01A1,2015,682362.0,National Institute on Drug Abuse,,"PATTERSON, THOMAS L.",Texting intervention to sustain HIV prevention in women in high-drug-use contexts
NCT02039973,1R01MH100338-01,2013,428986.0,National Institute of Mental Health,,"SMITH FAWZI, MARY CATHERINE",Healthy Options: Group psychotherapy for HIV-positive depressed perinatal women
NCT04352530,5K01CA190659-05,2020,126055.0,National Cancer Institute,,"RAMIREZ, A SUSANA",Breast Cancer Prevention mHealth Intervention for Rural Latinas
NCT04352530,5K01CA190659-04,2019,126865.0,National Cancer Institute,,"RAMIREZ, A SUSANA",Breast Cancer Prevention mHealth Intervention for Rural Latinas
NCT04352530,5K01CA190659-03,2018,124225.0,National Cancer Institute,,"RAMIREZ, A SUSANA",Breast Cancer Prevention mHealth Intervention for Rural Latinas
NCT04352530,5K01CA190659-02,2017,126865.0,National Cancer Institute,,"RAMIREZ, A SUSANA",Breast Cancer Prevention mHealth Intervention for Rural Latinas
NCT04352530,3K01CA190659-01A1S1,2016,10572.0,National Cancer Institute,,"RAMIREZ, A SUSANA",Breast Cancer Prevention mHealth Intervention for Rural Latinas
NCT04352530,1K01CA190659-01A1,2015,126865.0,National Cancer Institute,,"RAMIREZ, A SUSANA",Breast Cancer Prevention mHealth Intervention for Rural Latinas
NCT04776720,2K24AG068601-06,2026,207688.0,National Institute on Aging,,"HUANG, ALISON ",Patient-Oriented Research and Mentoring in Genitourinary Aging
NCT04776720,5K24AG068601-05,2024,193433.0,National Institute on Aging,,"HUANG, ALISON ",Midcareer Mentoring in Patient-Oriented Research on Genitourinary Aging in Women
NCT04776720,5K24AG068601-04,2023,193433.0,National Institute on Aging,,"HUANG, ALISON ",Midcareer Mentoring in Patient-Oriented Research on Genitourinary Aging in Women
NCT04776720,5K24AG068601-03,2022,193433.0,National Institute on Aging,,"HUANG, ALISON ",Midcareer Mentoring in Patient-Oriented Research on Genitourinary Aging in Women
NCT04776720,5K24AG068601-02,2021,193512.0,National Institute on Aging,,"HUANG, ALISON ",Midcareer Mentoring in Patient-Oriented Research on Genitourinary Aging in Women
NCT04776720,1K24AG068601-01,2020,193512.0,National Institute on Aging,,"HUANG, ALISON ",Midcareer Mentoring in Patient-Oriented Research on Genitourinary Aging in Women
NCT06857071,5R01MH136871-03,2026,237210.0,National Institute of Mental Health,,"WILLIAMS, LESLIE DENISE","Site-randomized trial of a novel social network recruitment intervention to locate more undiagnosed positive cases of HIV, increase HIV testing among men, and reduce HIV-related stigma"
NCT06857071,3R01MH136871-03S1,2026,350126.0,National Institute of Mental Health,,"WILLIAMS, LESLIE DENISE","Site-randomized Trial of a Novel Social Network Recruitment Intervention to Locate More Undiagnosed Positive Cases of HIV, Increase HIV Testing among Men, and Reduce HIV-related Stigma in South Africa"
NCT06857071,5R01MH136871-02,2025,328572.0,National Institute of Mental Health,,"WILLIAMS, LESLIE DENISE","Site-randomized Trial of a Novel Social Network Recruitment Intervention to Locate More Undiagnosed Positive Cases of HIV, Increase HIV Testing among Men, and Reduce HIV-related Stigma in South Africa"
NCT06857071,3R01MH136871-02S1,2025,308585.0,National Institute of Mental Health,,"WILLIAMS, LESLIE DENISE","Site-randomized Trial of a Novel Social Network Recruitment Intervention to Locate More Undiagnosed Positive Cases of HIV, Increase HIV Testing among Men, and Reduce HIV-related Stigma in South Africa"
NCT06857071,1R01MH136871-01,2024,689321.0,National Institute of Mental Health,,"WILLIAMS, LESLIE DENISE","Site-randomized Trial of a Novel Social Network Recruitment Intervention to Locate More Undiagnosed Positive Cases of HIV, Increase HIV Testing among Men, and Reduce HIV-related Stigma in South Africa"
NCT04878601,5K01TW011484-05,2023,139048.0,John E. Fogarty International Center for Advanced Study in the Health Sciences,,"DOVEL, KATHRYN L",Innovative strategies to increase ART Initiation and viral suppression among HIV+ men in Malawi
NCT04878601,5K01TW011484-04,2022,145233.0,John E. Fogarty International Center for Advanced Study in the Health Sciences,,"DOVEL, KATHRYN L",Innovative strategies to increase ART Initiation and viral suppression among HIV+ men in Malawi
NCT04878601,5K01TW011484-03,2021,145233.0,John E. Fogarty International Center for Advanced Study in the Health Sciences,,"DOVEL, KATHRYN L",Innovative strategies to increase ART Initiation and viral suppression among HIV+ men in Malawi
NCT04878601,5K01TW011484-02,2020,142405.0,John E. Fogarty International Center for Advanced Study in the Health Sciences,,"DOVEL, KATHRYN L",Innovative strategies to increase ART Initiation and viral suppression among HIV+ men in Malawi
NCT04878601,1K01TW011484-01,2019,145233.0,John E. Fogarty International Center for Advanced Study in the Health Sciences,,"DOVEL, KATHRYN L",Innovative strategies to increase ART Initiation and viral suppression among HIV+ men in Malawi
NCT04978129,7R34AA028730-04,2023,142610.0,National Institute on Alcohol Abuse and Alcoholism,,"LEWIS, MELISSA A",Examining Motivations for and Quality of Alcohol and Marijuana Protective Behavior Strategy Use: Improving Prevention of Hazardous Young Adult Substance Use
