nct_id,has_linked_nih_grant,nih_award_count,total_nih_funding_usd,administering_nih_ics,recipient_institutions,funding_fiscal_years
NCT03664817,False,0,0.0,,,
NCT04563715,False,0,0.0,,,
NCT04781426,False,0,0.0,,,
NCT04386499,False,0,0.0,,,
NCT06229132,False,0,0.0,,,
NCT00111501,False,0,0.0,,,
NCT03086200,False,0,0.0,,,
NCT04551144,False,0,0.0,,,
NCT06709872,False,0,0.0,,,
NCT03989778,False,0,0.0,,,
NCT03397368,False,0,0.0,,,
NCT05693324,False,0,0.0,,,
NCT06644261,False,0,0.0,,,
NCT06847035,False,0,0.0,,,
NCT04428320,False,0,0.0,,,
NCT03310515,False,0,0.0,,,
NCT03525379,False,0,0.0,,,
NCT07012096,False,0,0.0,,,
NCT03313310,False,0,0.0,,,
NCT05163860,False,0,0.0,,,
NCT04742491,False,0,0.0,,,
NCT03081559,True,5,3966158.0,National Institute of Mental Health,,"2015, 2016, 2017, 2018, 2019"
NCT05951062,False,0,0.0,,,
NCT04969003,False,0,0.0,,,
NCT05689281,False,0,0.0,,,
NCT05787470,False,0,0.0,,,
NCT03725280,False,0,0.0,,,
NCT07412509,False,0,0.0,,,
NCT04709016,False,0,0.0,,,
NCT07780630,False,0,0.0,,,
NCT06987045,False,0,0.0,,,
NCT07512856,False,0,0.0,,,
NCT03165500,False,0,0.0,,,
NCT05981807,False,0,0.0,,,
NCT02986126,False,0,0.0,,,
NCT04081584,False,0,0.0,,,
NCT07187947,False,0,0.0,,,
NCT02703116,True,5,3205932.0,National Institute on Drug Abuse,,"2015, 2016, 2017, 2018, 2019"
NCT07500415,False,0,0.0,,,
NCT07681908,True,3,1962769.0,National Institute of Nursing Research,,"2023, 2024, 2026"
NCT06953908,False,0,0.0,,,
NCT04867798,False,0,0.0,,,
NCT03778892,False,0,0.0,,,
NCT04064047,False,0,0.0,,,
NCT05436106,False,0,0.0,,,
NCT02185274,False,0,0.0,,,
NCT07407686,False,0,0.0,,,
NCT04538170,False,0,0.0,,,
NCT06144294,False,0,0.0,,,
NCT04491422,False,0,0.0,,,
NCT03996941,False,0,0.0,,,
NCT06656676,True,3,679283.0,National Institute of Mental Health,,"2024, 2025, 2026"
NCT04077138,True,7,3298852.0,National Institute of Mental Health,,"2018, 2019, 2020, 2021, 2022"
NCT07214233,False,0,0.0,,,
NCT03617874,False,0,0.0,,,
NCT04799197,False,0,0.0,,,
NCT06005610,False,0,0.0,,,
NCT07166627,False,0,0.0,,,
NCT06727942,False,0,0.0,,,
NCT03584282,False,0,0.0,,,
NCT06550960,False,0,0.0,,,
NCT04792788,False,0,0.0,,,
NCT06116370,False,0,0.0,,,
NCT02429674,False,0,0.0,,,
NCT05696938,False,0,0.0,,,
NCT04515654,False,0,0.0,,,
NCT03326739,False,0,0.0,,,
NCT03489707,False,0,0.0,,,
NCT07400419,False,0,0.0,,,
NCT01633567,False,0,0.0,,,
NCT03649087,False,0,0.0,,,
NCT05323695,False,0,0.0,,,
NCT03546075,False,0,0.0,,,
NCT05903911,False,0,0.0,,,
NCT02410434,False,0,0.0,,,
NCT07646470,False,0,0.0,,,
NCT07033572,False,0,0.0,,,
NCT05934877,True,4,3316145.0,National Institute on Drug Abuse,,"2022, 2023, 2024, 2025"
NCT06291675,False,0,0.0,,,
NCT03811756,False,0,0.0,,,
NCT05584787,False,0,0.0,,,
NCT01270516,False,0,0.0,,,
NCT05187806,False,0,0.0,,,
NCT06367764,False,0,0.0,,,
NCT02921841,True,5,2493157.0,National Institute of Mental Health,,"2013, 2014, 2015, 2016, 2017"
NCT00236262,False,0,0.0,,,
NCT06621342,False,0,0.0,,,
NCT04290286,False,0,0.0,,,
NCT03803683,False,0,0.0,,,
NCT06614868,False,0,0.0,,,
NCT06725797,False,0,0.0,,,
NCT02449850,False,0,0.0,,,
NCT07457970,False,0,0.0,,,
NCT02309619,False,0,0.0,,,
NCT04256902,False,0,0.0,,,
NCT04064671,False,0,0.0,,,
NCT04813484,False,0,0.0,,,
NCT03671239,False,0,0.0,,,
NCT05770115,False,0,0.0,,,
NCT04590417,False,0,0.0,,,
NCT06844097,False,0,0.0,,,
NCT05829928,False,0,0.0,,,
NCT02119377,False,0,0.0,,,
NCT03220152,False,0,0.0,,,
NCT03784404,False,0,0.0,,,
NCT04781049,False,0,0.0,,,
NCT03457233,False,0,0.0,,,
NCT06774053,False,0,0.0,,,
NCT04280445,False,0,0.0,,,
NCT06098781,False,0,0.0,,,
NCT03320512,False,0,0.0,,,
NCT01944995,False,0,0.0,,,
NCT06502353,False,0,0.0,,,
NCT03745495,False,0,0.0,,,
NCT04558177,False,0,0.0,,,
NCT06470906,False,0,0.0,,,
NCT05659199,False,0,0.0,,,
NCT06959992,False,0,0.0,,,
NCT06405984,False,0,0.0,,,
NCT05883111,False,0,0.0,,,
NCT05534763,False,0,0.0,,,
NCT04899193,False,0,0.0,,,
NCT05949814,False,0,0.0,,,
NCT03916484,False,0,0.0,,,
NCT02739074,False,0,0.0,,,
NCT03399006,False,0,0.0,,,
NCT04378439,False,0,0.0,,,
NCT02550431,False,0,0.0,,,
NCT05922670,False,0,0.0,,,
NCT05649605,False,0,0.0,,,
NCT04100252,False,0,0.0,,,
NCT06515834,False,0,0.0,,,
NCT05870098,False,0,0.0,,,
NCT06487806,False,0,0.0,,,
NCT02875535,False,0,0.0,,,
NCT07516691,False,0,0.0,,,
NCT05971160,False,0,0.0,,,
NCT07194226,False,0,0.0,,,
NCT05599178,False,0,0.0,,,
NCT02744040,True,1,1073128.0,National Institute on Drug Abuse,,2015
NCT04988412,False,0,0.0,,,
NCT04321551,False,0,0.0,,,
NCT04455659,False,0,0.0,,,
NCT04687891,False,0,0.0,,,
NCT06667713,False,0,0.0,,,
NCT06979180,False,0,0.0,,,
NCT07169773,False,0,0.0,,,
NCT02842086,False,0,0.0,,,
NCT03595956,False,0,0.0,,,
NCT06880705,True,3,746999.0,National Institute on Drug Abuse,,"2024, 2025, 2026"
NCT00934596,False,0,0.0,,,
NCT03293771,False,0,0.0,,,
NCT04217707,False,0,0.0,,,
NCT07484321,False,0,0.0,,,
NCT02248558,False,0,0.0,,,
NCT05159232,False,0,0.0,,,
NCT07218211,False,0,0.0,,,
NCT02945436,False,0,0.0,,,
NCT02516930,False,0,0.0,,,
NCT02710032,True,3,672360.0,National Institute of Mental Health,,"2014, 2015, 2016"
NCT03144336,False,0,0.0,,,
NCT06390332,False,0,0.0,,,
NCT05670977,False,0,0.0,,,
NCT05728853,False,0,0.0,,,
NCT03350672,False,0,0.0,,,
NCT05487794,False,0,0.0,,,
NCT04295837,False,0,0.0,,,
NCT01902472,False,0,0.0,,,
NCT03409328,False,0,0.0,,,
NCT05120245,False,0,0.0,,,
NCT06094257,False,0,0.0,,,
NCT07505875,False,0,0.0,,,
NCT03808883,False,0,0.0,,,
NCT03163862,False,0,0.0,,,
NCT00146146,False,0,0.0,,,
NCT05169762,False,0,0.0,,,
NCT00865566,False,0,0.0,,,
NCT01708148,False,0,0.0,,,
NCT03085979,False,0,0.0,,,
NCT06912880,False,0,0.0,,,
NCT04979338,False,0,0.0,,,
NCT04114955,True,6,3687388.0,National Institute of Mental Health,,"2019, 2020, 2021, 2022, 2023"
NCT05044286,False,0,0.0,,,
NCT07592403,False,0,0.0,,,
NCT07252687,False,0,0.0,,,
NCT02720094,False,0,0.0,,,
NCT05729750,False,0,0.0,,,
NCT05726903,False,0,0.0,,,
NCT03270969,False,0,0.0,,,
NCT07146139,False,0,0.0,,,
NCT05803083,False,0,0.0,,,
NCT05795257,False,0,0.0,,,
NCT07337603,False,0,0.0,,,
NCT06316102,False,0,0.0,,,
NCT05531799,False,0,0.0,,,
NCT06556121,False,0,0.0,,,
NCT04914130,False,0,0.0,,,
NCT05623514,False,0,0.0,,,
NCT04930614,False,0,0.0,,,
NCT04265885,False,0,0.0,,,
NCT04109989,False,0,0.0,,,
NCT03557268,False,0,0.0,,,
NCT05080335,False,0,0.0,,,
NCT05263427,False,0,0.0,,,
NCT03651427,False,0,0.0,,,
NCT05865262,False,0,0.0,,,
NCT05846620,False,0,0.0,,,
NCT04934189,True,2,423480.0,National Institute on Minority Health and Health Disparities,,"2020, 2021"
NCT03525340,False,0,0.0,,,
NCT06059443,False,0,0.0,,,
NCT06371274,False,0,0.0,,,
NCT05712590,False,0,0.0,,,
NCT04253405,False,0,0.0,,,
NCT03899896,False,0,0.0,,,
NCT06022562,False,0,0.0,,,
NCT06979193,False,0,0.0,,,
NCT07509827,False,0,0.0,,,
NCT04087265,False,0,0.0,,,
NCT06496581,False,0,0.0,,,
NCT03007264,False,0,0.0,,,
NCT06443164,False,0,0.0,,,
NCT03856580,True,6,3071500.0,Eunice Kennedy Shriver National Institute of Child Health and Human Development,,"2014, 2015, 2016, 2017, 2018"
NCT05924217,False,0,0.0,,,
NCT04478760,False,0,0.0,,,
NCT03836027,False,0,0.0,,,
NCT02580760,False,0,0.0,,,
NCT05972941,False,0,0.0,,,
NCT04708600,False,0,0.0,,,
NCT06807736,False,0,0.0,,,
NCT03049371,False,0,0.0,,,
NCT04050371,False,0,0.0,,,
NCT05128240,False,0,0.0,,,
NCT06074796,False,0,0.0,,,
NCT05130086,False,0,0.0,,,
NCT03789331,False,0,0.0,,,
NCT03659253,False,0,0.0,,,
NCT05515770,False,0,0.0,,,
NCT05678556,True,1,1764157.0,National Institute of Allergy and Infectious Diseases,,2021
NCT07634302,False,0,0.0,,,
NCT07706322,False,0,0.0,,,
NCT07358897,False,0,0.0,,,
NCT02229617,False,0,0.0,,,
NCT03964415,False,0,0.0,,,
NCT02985996,False,0,0.0,,,
NCT01925482,False,0,0.0,,,
NCT04341597,False,0,0.0,,,
NCT03872648,False,0,0.0,,,
NCT03216798,False,0,0.0,,,
NCT06571721,False,0,0.0,,,
NCT05890404,False,0,0.0,,,
NCT02369887,False,0,0.0,,,
NCT04616963,False,0,0.0,,,
NCT06850948,False,0,0.0,,,
NCT01815034,False,0,0.0,,,
NCT04925752,False,0,0.0,,,
NCT05597787,True,4,636765.0,National Institute of Mental Health,,"2020, 2021, 2022"
NCT05787392,False,0,0.0,,,
NCT05690555,False,0,0.0,,,
NCT04766710,False,0,0.0,,,
NCT03433820,False,0,0.0,,,
NCT05569915,False,0,0.0,,,
NCT01065220,False,0,0.0,,,
NCT06850974,False,0,0.0,,,
NCT07759518,False,0,0.0,,,
NCT03683043,False,0,0.0,,,
NCT04870723,False,0,0.0,,,
NCT05761678,False,0,0.0,,,
NCT05071378,False,0,0.0,,,
NCT05408858,False,0,0.0,,,
NCT05070793,False,0,0.0,,,
NCT05663892,False,0,0.0,,,
NCT04977765,False,0,0.0,,,
NCT04415424,False,0,0.0,,,
NCT04571346,False,0,0.0,,,
NCT04922424,False,0,0.0,,,
NCT07498829,False,0,0.0,,,
NCT04329442,False,0,0.0,,,
NCT07229131,False,0,0.0,,,
NCT06127394,False,0,0.0,,,
NCT03964779,False,0,0.0,,,
NCT03170973,False,0,0.0,,,
NCT07497594,False,0,0.0,,,
NCT05165745,False,0,0.0,,,
NCT05483686,True,3,1465185.0,National Institute of Mental Health,,"2019, 2020, 2021"
NCT02383602,False,0,0.0,,,
NCT05848037,False,0,0.0,,,
NCT04454970,False,0,0.0,,,
NCT04886791,False,0,0.0,,,
NCT06245681,False,0,0.0,,,
NCT01292785,False,0,0.0,,,
NCT04128488,False,0,0.0,,,
NCT04372212,False,0,0.0,,,
NCT03348163,False,0,0.0,,,
NCT05292820,False,0,0.0,,,
NCT02401867,False,0,0.0,,,
NCT04652700,False,0,0.0,,,
NCT04553211,True,5,2950230.0,National Institute of Mental Health,,"2019, 2020, 2021, 2022, 2023"
NCT06149065,False,0,0.0,,,
NCT04129567,False,0,0.0,,,
NCT05927350,False,0,0.0,,,
NCT05894226,False,0,0.0,,,
NCT04515472,False,0,0.0,,,
NCT04573127,False,0,0.0,,,
NCT04531761,False,0,0.0,,,
NCT06588257,False,0,0.0,,,
NCT04508231,False,0,0.0,,,
NCT04653948,False,0,0.0,,,
NCT06221163,False,0,0.0,,,
NCT04531943,False,0,0.0,,,
NCT06048263,False,0,0.0,,,
NCT01575938,True,7,3741380.0,National Institute of Mental Health,,"2011, 2012, 2013, 2014, 2015"
NCT05962853,False,0,0.0,,,
NCT07163832,False,0,0.0,,,
NCT05401032,False,0,0.0,,,
NCT04559698,False,0,0.0,,,
NCT04809532,False,0,0.0,,,
NCT03897049,False,0,0.0,,,
NCT01072825,False,0,0.0,,,
NCT05045703,False,0,0.0,,,
NCT03369054,False,0,0.0,,,
NCT06347393,False,0,0.0,,,
NCT05204732,False,0,0.0,,,
NCT05463692,False,0,0.0,,,
NCT07450625,False,0,0.0,,,
NCT05116293,False,0,0.0,,,
NCT04916925,False,0,0.0,,,
NCT05574647,False,0,0.0,,,
NCT05890248,False,0,0.0,,,
NCT04742816,False,0,0.0,,,
NCT04028219,False,0,0.0,,,
NCT06351501,False,0,0.0,,,
NCT03442075,False,0,0.0,,,
NCT03426670,False,0,0.0,,,
NCT07181551,False,0,0.0,,,
NCT06332742,False,0,0.0,,,
NCT03208842,False,0,0.0,,,
NCT06247267,False,0,0.0,,,
NCT05365828,False,0,0.0,,,
NCT05010707,False,0,0.0,,,
NCT06587139,False,0,0.0,,,
NCT07390409,False,0,0.0,,,
NCT03461263,False,0,0.0,,,
NCT03674606,False,0,0.0,,,
NCT04838249,False,0,0.0,,,
NCT04767230,False,0,0.0,,,
NCT03180645,False,0,0.0,,,
NCT05883553,False,0,0.0,,,
NCT06703437,False,0,0.0,,,
NCT05645354,False,0,0.0,,,
NCT06450405,False,0,0.0,,,
NCT04394260,False,0,0.0,,,
NCT01880489,True,6,3201243.0,National Institute on Drug Abuse,,"2012, 2013, 2014, 2015, 2016"
NCT05391217,False,0,0.0,,,
NCT03134833,True,37,44353376.0,Eunice Kennedy Shriver National Institute of Child Health and Human Development,,"2016, 2017, 2018, 2019, 2020, 2021, 2022"
NCT05745168,False,0,0.0,,,
NCT05492565,False,0,0.0,,,
NCT04736797,False,0,0.0,,,
NCT05815810,False,0,0.0,,,
NCT06639763,False,0,0.0,,,
NCT03823014,False,0,0.0,,,
NCT03194477,False,0,0.0,,,
NCT07418320,False,0,0.0,,,
NCT05352659,True,7,4249880.0,National Center for Chronic Disease Prev and Health Promo,,"2018, 2019, 2021, 2022, 2023"
NCT07151079,False,0,0.0,,,
NCT07085715,False,0,0.0,,,
NCT03199820,False,0,0.0,,,
NCT06234488,False,0,0.0,,,
NCT04067661,False,0,0.0,,,
NCT06218446,False,0,0.0,,,
NCT04970160,False,0,0.0,,,
NCT03060785,False,0,0.0,,,
NCT02715232,False,0,0.0,,,
NCT05076448,False,0,0.0,,,
NCT03848234,False,0,0.0,,,
NCT05415930,False,0,0.0,,,
NCT05884307,False,0,0.0,,,
NCT03033836,False,0,0.0,,,
NCT06116201,False,0,0.0,,,
NCT06239766,False,0,0.0,,,
NCT04336683,False,0,0.0,,,
NCT06644664,False,0,0.0,,,
NCT01869595,False,0,0.0,,,
NCT05469204,False,0,0.0,,,
NCT03705663,False,0,0.0,,,
NCT04154358,False,0,0.0,,,
NCT06203925,False,0,0.0,,,
NCT01757704,False,0,0.0,,,
NCT05502055,False,0,0.0,,,
NCT05489159,False,0,0.0,,,
NCT03864198,False,0,0.0,,,
NCT07639957,False,0,0.0,,,
NCT03034434,False,0,0.0,,,
NCT05258084,False,0,0.0,,,
NCT05442463,False,0,0.0,,,
NCT05690815,False,0,0.0,,,
NCT05500846,False,0,0.0,,,
NCT03805451,False,0,0.0,,,
NCT04971447,False,0,0.0,,,
NCT04219878,False,0,0.0,,,
NCT05752643,False,0,0.0,,,
NCT04093518,False,0,0.0,,,
NCT04066283,False,0,0.0,,,
NCT07466069,False,0,0.0,,,
NCT04090060,False,0,0.0,,,
NCT04672486,False,0,0.0,,,
NCT06818383,False,0,0.0,,,
NCT04314141,False,0,0.0,,,
NCT02716675,False,0,0.0,,,
NCT05460312,False,0,0.0,,,
NCT04096053,False,0,0.0,,,
NCT06670053,False,0,0.0,,,
NCT05387577,False,0,0.0,,,
NCT05949060,False,0,0.0,,,
NCT03198962,False,0,0.0,,,
NCT05607303,False,0,0.0,,,
NCT05925361,False,0,0.0,,,
NCT03404622,False,0,0.0,,,
NCT04440722,False,0,0.0,,,
NCT02525081,False,0,0.0,,,
NCT02782130,False,0,0.0,,,
NCT04769492,True,2,366093.0,National Institute of Mental Health,,"2021, 2022"
NCT07620730,False,0,0.0,,,
NCT03734575,False,0,0.0,,,
NCT06530992,False,0,0.0,,,
NCT04203381,False,0,0.0,,,
NCT05574244,False,0,0.0,,,
NCT06414057,False,0,0.0,,,
NCT06487754,False,0,0.0,,,
NCT04254354,False,0,0.0,,,
NCT07145281,False,0,0.0,,,
NCT06409975,False,0,0.0,,,
NCT06615401,False,0,0.0,,,
NCT07584122,False,0,0.0,,,
NCT06222528,False,0,0.0,,,
NCT07509853,False,0,0.0,,,
NCT03678181,True,7,3937783.0,National Institute on Minority Health and Health Disparities,,"2018, 2019, 2020, 2021, 2022"
NCT05166083,False,0,0.0,,,
NCT03550131,False,0,0.0,,,
NCT04328025,False,0,0.0,,,
NCT05424718,False,0,0.0,,,
NCT07148921,False,0,0.0,,,
NCT05863676,False,0,0.0,,,
NCT04524325,False,0,0.0,,,
NCT06610916,False,0,0.0,,,
NCT01925729,False,0,0.0,,,
NCT06482385,False,0,0.0,,,
NCT01815580,False,0,0.0,,,
NCT06408350,True,3,2451049.0,National Institute on Drug Abuse,,"2023, 2024, 2025"
NCT03922269,False,0,0.0,,,
NCT04322825,False,0,0.0,,,
NCT05091489,False,0,0.0,,,
NCT04874168,False,0,0.0,,,
NCT02043990,False,0,0.0,,,
NCT03268486,False,0,0.0,,,
NCT05509166,False,0,0.0,,,
NCT05477355,False,0,0.0,,,
NCT07022392,False,0,0.0,,,
NCT06820502,False,0,0.0,,,
NCT03786861,False,0,0.0,,,
NCT03602222,False,0,0.0,,,
NCT05306145,False,0,0.0,,,
NCT05196009,False,0,0.0,,,
NCT03456310,False,0,0.0,,,
NCT04866888,False,0,0.0,,,
NCT06565663,False,0,0.0,,,
NCT06969326,False,0,0.0,,,
NCT05977634,False,0,0.0,,,
NCT05018611,False,0,0.0,,,
NCT06373965,True,4,817277.0,National Institute of Mental Health,,"2022, 2023, 2024"
NCT03226964,False,0,0.0,,,
NCT06537765,False,0,0.0,,,
NCT03721354,False,0,0.0,,,
NCT05666102,False,0,0.0,,,
NCT03185975,False,0,0.0,,,
NCT00690326,False,0,0.0,,,
NCT00135148,False,0,0.0,,,
NCT05354284,False,0,0.0,,,
NCT05304390,False,0,0.0,,,
NCT05022576,False,0,0.0,,,
NCT02983110,False,0,0.0,,,
NCT03550235,False,0,0.0,,,
NCT06439290,False,0,0.0,,,
NCT04000724,False,0,0.0,,,
NCT04544982,False,0,0.0,,,
NCT05600881,False,0,0.0,,,
NCT03222817,False,0,0.0,,,
NCT07587333,False,0,0.0,,,
NCT05552404,False,0,0.0,,,
NCT05147584,False,0,0.0,,,
NCT04155684,False,0,0.0,,,
NCT03264599,False,0,0.0,,,
NCT03932734,False,0,0.0,,,
NCT07746999,False,0,0.0,,,
NCT06292702,False,0,0.0,,,
NCT04195659,False,0,0.0,,,
NCT04077151,True,7,3298852.0,National Institute of Mental Health,,"2018, 2019, 2020, 2021, 2022"
NCT05829018,False,0,0.0,,,
NCT01996124,False,0,0.0,,,
NCT06159582,False,0,0.0,,,
NCT03580512,False,0,0.0,,,
NCT05000112,False,0,0.0,,,
NCT04017000,False,0,0.0,,,
NCT07122557,False,0,0.0,,,
NCT04534881,False,0,0.0,,,
NCT06298032,False,0,0.0,,,
NCT03191474,False,0,0.0,,,
NCT05318755,False,0,0.0,,,
NCT06237608,False,0,0.0,,,
NCT03024658,False,0,0.0,,,
NCT02230358,False,0,0.0,,,
NCT07469176,True,1,720000.0,National Institute of Mental Health,,2025
NCT03698721,False,0,0.0,,,
NCT04478214,False,0,0.0,,,
NCT03120936,False,0,0.0,,,
NCT01989611,False,0,0.0,,,
NCT06177600,False,0,0.0,,,
NCT04997707,False,0,0.0,,,
NCT04448418,False,0,0.0,,,
NCT04593680,False,0,0.0,,,
NCT06023849,False,0,0.0,,,
NCT03642314,False,0,0.0,,,
NCT07005648,False,0,0.0,,,
NCT05016232,True,1,218630.0,National Institute of Mental Health,,2020
NCT06854965,False,0,0.0,,,
NCT05337865,False,0,0.0,,,
NCT06816355,False,0,0.0,,,
NCT02870790,False,0,0.0,,,
NCT05372770,False,0,0.0,,,
NCT04482920,False,0,0.0,,,
NCT06825013,False,0,0.0,,,
NCT07495059,False,0,0.0,,,
NCT06182280,True,1,818862.0,National Institute of Mental Health,,2022
NCT06641869,False,0,0.0,,,
NCT05780346,False,0,0.0,,,
NCT04944654,False,0,0.0,,,
NCT06586151,True,4,1872429.0,National Institute of Nursing Research,,"2021, 2022, 2023, 2024"
NCT03669120,False,0,0.0,,,
NCT03029962,False,0,0.0,,,
NCT07542964,False,0,0.0,,,
NCT06357130,False,0,0.0,,,
NCT06573177,False,0,0.0,,,
NCT06083766,False,0,0.0,,,
NCT05111119,False,0,0.0,,,
NCT06286930,False,0,0.0,,,
NCT06792409,False,0,0.0,,,
NCT06001307,True,3,764636.0,National Institute of Mental Health,,"2020, 2021, 2022"
NCT05127044,False,0,0.0,,,
NCT02449629,False,0,0.0,,,
NCT04760691,False,0,0.0,,,
NCT04263441,False,0,0.0,,,
NCT04237467,False,0,0.0,,,
NCT00435513,False,0,0.0,,,
NCT05271097,False,0,0.0,,,
NCT06710496,False,0,0.0,,,
NCT05869461,True,3,1106250.0,National Institute of Mental Health,,"2022, 2023, 2024"
NCT01720641,True,5,754901.0,National Institute of Mental Health,,"2009, 2010, 2011, 2012, 2013"
NCT04036396,False,0,0.0,,,
NCT03423069,False,0,0.0,,,
NCT04953858,False,0,0.0,,,
NCT04036500,False,0,0.0,,,
NCT02367807,False,0,0.0,,,
NCT05979714,False,0,0.0,,,
NCT06733415,False,0,0.0,,,
NCT05428215,False,0,0.0,,,
NCT06857682,False,0,0.0,,,
NCT02247596,False,0,0.0,,,
NCT07099287,False,0,0.0,,,
NCT07249021,False,0,0.0,,,
NCT05977621,False,0,0.0,,,
NCT03879421,False,0,0.0,,,
NCT05281393,False,0,0.0,,,
NCT06202898,False,0,0.0,,,
NCT05782868,False,0,0.0,,,
NCT07675564,False,0,0.0,,,
NCT06950671,False,0,0.0,,,
NCT06071715,False,0,0.0,,,
NCT07131267,False,0,0.0,,,
NCT04482374,False,0,0.0,,,
NCT03127982,False,0,0.0,,,
NCT06654414,False,0,0.0,,,
NCT05583058,False,0,0.0,,,
NCT04374708,True,1,547164.0,Eunice Kennedy Shriver National Institute of Child Health and Human Development,,2017
NCT05019417,False,0,0.0,,,
NCT07217795,False,0,0.0,,,
NCT02855606,False,0,0.0,,,
NCT03294109,False,0,0.0,,,
NCT05097820,False,0,0.0,,,
NCT03864913,False,0,0.0,,,
NCT05836090,False,0,0.0,,,
NCT07550426,False,0,0.0,,,
NCT05989074,False,0,0.0,,,
NCT00634218,False,0,0.0,,,
NCT06212544,False,0,0.0,,,
NCT05273112,False,0,0.0,,,
NCT05527353,False,0,0.0,,,
NCT03321864,False,0,0.0,,,
NCT03046654,False,0,0.0,,,
NCT06319105,False,0,0.0,,,
NCT02801760,False,0,0.0,,,
NCT05467670,False,0,0.0,,,
NCT07336173,False,0,0.0,,,
NCT05440851,False,0,0.0,,,
NCT04081623,False,0,0.0,,,
NCT04820088,False,0,0.0,,,
NCT05587751,False,0,0.0,,,
NCT03203265,False,0,0.0,,,
NCT01437748,False,0,0.0,,,
NCT03484611,False,0,0.0,,,
NCT04160364,False,0,0.0,,,
NCT05149248,False,0,0.0,,,
NCT05682092,False,0,0.0,,,
NCT03437291,False,0,0.0,,,
NCT06967753,False,0,0.0,,,
NCT07112820,False,0,0.0,,,
NCT04902820,False,0,0.0,,,
NCT05454579,False,0,0.0,,,
NCT06436560,False,0,0.0,,,
NCT06093724,False,0,0.0,,,
NCT03652623,True,7,3298852.0,National Institute of Mental Health,,"2018, 2019, 2020, 2021, 2022"
NCT03614806,False,0,0.0,,,
NCT04554849,False,0,0.0,,,
NCT06070324,False,0,0.0,,,
NCT07286123,False,0,0.0,,,
NCT03043326,False,0,0.0,,,
NCT04181840,False,0,0.0,,,
NCT05140174,False,0,0.0,,,
NCT03813212,False,0,0.0,,,
NCT05514509,False,0,0.0,,,
NCT03465852,False,0,0.0,,,
NCT05614661,False,0,0.0,,,
NCT05187442,False,0,0.0,,,
NCT07092527,False,0,0.0,,,
NCT04091230,False,0,0.0,,,
NCT02459769,False,0,0.0,,,
NCT03078829,False,0,0.0,,,
NCT06860945,False,0,0.0,,,
NCT06293456,False,0,0.0,,,
NCT03620734,False,0,0.0,,,
NCT06828211,False,0,0.0,,,
NCT06657872,False,0,0.0,,,
NCT07017595,False,0,0.0,,,
NCT04849767,False,0,0.0,,,
NCT06639776,False,0,0.0,,,
NCT05891795,False,0,0.0,,,
NCT06832514,False,0,0.0,,,
NCT05474768,False,0,0.0,,,
NCT07394400,False,0,0.0,,,
NCT04069052,False,0,0.0,,,
NCT00826514,False,0,0.0,,,
NCT07429019,False,0,0.0,,,
NCT06724965,False,0,0.0,,,
NCT01781806,False,0,0.0,,,
NCT07624747,False,0,0.0,,,
NCT04561843,False,0,0.0,,,
NCT05374525,False,0,0.0,,,
NCT05699434,False,0,0.0,,,
NCT07075731,False,0,0.0,,,
NCT03912753,False,0,0.0,,,
NCT02113956,False,0,0.0,,,
NCT04754139,False,0,0.0,,,
NCT04596592,False,0,0.0,,,
NCT06800053,False,0,0.0,,,
NCT06983444,False,0,0.0,,,
NCT06079177,False,0,0.0,,,
NCT04305977,False,0,0.0,,,
NCT04864951,False,0,0.0,,,
NCT05209594,False,0,0.0,,,
NCT05393869,False,0,0.0,,,
NCT03250793,False,0,0.0,,,
NCT05195164,False,0,0.0,,,
NCT05126134,False,0,0.0,,,
NCT05262426,False,0,0.0,,,
NCT06731985,False,0,0.0,,,
NCT03408899,False,0,0.0,,,
NCT05253014,False,0,0.0,,,
NCT06966193,False,0,0.0,,,
NCT04962997,False,0,0.0,,,
NCT03877497,True,5,1086027.0,National Institute on Drug Abuse,,"2018, 2019, 2020, 2021, 2022"
NCT05299645,False,0,0.0,,,
NCT04283656,False,0,0.0,,,
NCT04325529,False,0,0.0,,,
NCT04876846,False,0,0.0,,,
NCT05334888,False,0,0.0,,,
NCT03757117,False,0,0.0,,,
NCT06414408,True,2,1595053.0,National Institute of Allergy and Infectious Diseases,,"2024, 2025"
NCT05674682,False,0,0.0,,,
NCT04275310,False,0,0.0,,,
NCT03768154,False,0,0.0,,,
NCT03113123,False,0,0.0,,,
NCT05175170,True,1,192350.0,Eunice Kennedy Shriver National Institute of Child Health and Human Development,,2019
NCT07481942,False,0,0.0,,,
NCT06807580,False,0,0.0,,,
NCT05775562,False,0,0.0,,,
NCT03774160,True,1,567502.0,National Institute of Mental Health,,2019
NCT05393583,False,0,0.0,,,
NCT03804710,False,0,0.0,,,
NCT04071574,False,0,0.0,,,
NCT04818580,False,0,0.0,,,
NCT04545450,False,0,0.0,,,
NCT03637920,False,0,0.0,,,
NCT06434805,False,0,0.0,,,
NCT06956989,False,0,0.0,,,
NCT02518009,False,0,0.0,,,
NCT06428669,False,0,0.0,,,
NCT04716738,False,0,0.0,,,
NCT04993469,False,0,0.0,,,
NCT06230770,False,0,0.0,,,
NCT03643120,False,0,0.0,,,
NCT07147166,False,0,0.0,,,
NCT07480590,False,0,0.0,,,
NCT04935164,False,0,0.0,,,
NCT04322214,False,0,0.0,,,
NCT04474366,False,0,0.0,,,
NCT07661823,False,0,0.0,,,
NCT06741319,False,0,0.0,,,
NCT07128771,False,0,0.0,,,
NCT04336891,False,0,0.0,,,
NCT05897086,False,0,0.0,,,
NCT06400199,False,0,0.0,,,
NCT07699159,False,0,0.0,,,
NCT04309760,False,0,0.0,,,
NCT06314178,False,0,0.0,,,
NCT03664362,False,0,0.0,,,
NCT02043015,False,0,0.0,,,
NCT05154006,False,0,0.0,,,
NCT03451513,False,0,0.0,,,
NCT06169163,False,0,0.0,,,
NCT04983875,False,0,0.0,,,
NCT05902741,False,0,0.0,,,
NCT05473026,False,0,0.0,,,
NCT06458660,False,0,0.0,,,
NCT05362435,False,0,0.0,,,
NCT02624193,False,0,0.0,,,
NCT05520983,False,0,0.0,,,
NCT06345573,False,0,0.0,,,
NCT06215664,False,0,0.0,,,
NCT03265847,False,0,0.0,,,
NCT03528135,False,0,0.0,,,
NCT05014074,False,0,0.0,,,
NCT02703220,False,0,0.0,,,
NCT04338464,False,0,0.0,,,
NCT04076839,False,0,0.0,,,
NCT06639932,False,0,0.0,,,
NCT06518421,False,0,0.0,,,
NCT05830643,False,0,0.0,,,
NCT03953495,False,0,0.0,,,
NCT06308081,False,0,0.0,,,
NCT05775497,False,0,0.0,,,
NCT01420588,False,0,0.0,,,
NCT04318769,False,0,0.0,,,
NCT05346159,False,0,0.0,,,
NCT04225832,True,5,3763599.0,National Institute of Mental Health,,"2019, 2020, 2021, 2022, 2023"
NCT07746492,False,0,0.0,,,
NCT03464422,False,0,0.0,,,
NCT06741202,False,0,0.0,,,
NCT06839937,False,0,0.0,,,
NCT04098276,False,0,0.0,,,
NCT07728864,False,0,0.0,,,
NCT03286010,False,0,0.0,,,
NCT06706882,False,0,0.0,,,
NCT07729644,False,0,0.0,,,
NCT07324967,False,0,0.0,,,
NCT05853120,False,0,0.0,,,
NCT07212283,False,0,0.0,,,
NCT06939257,False,0,0.0,,,
NCT05368519,False,0,0.0,,,
NCT06073808,False,0,0.0,,,
NCT05794321,False,0,0.0,,,
NCT05441592,False,0,0.0,,,
NCT04108078,False,0,0.0,,,
NCT06315218,False,0,0.0,,,
NCT06865794,False,0,0.0,,,
NCT06921148,False,0,0.0,,,
NCT03721276,False,0,0.0,,,
NCT06238323,False,0,0.0,,,
NCT04021953,False,0,0.0,,,
NCT05646446,True,3,719424.0,National Institute on Alcohol Abuse and Alcoholism,,"2022, 2023, 2024"
NCT04032106,False,0,0.0,,,
NCT03534167,False,0,0.0,,,
NCT03511131,True,4,7365073.0,National Institute on Minority Health and Health Disparities,,"2017, 2018, 2019, 2020"
NCT06743711,False,0,0.0,,,
NCT05036187,False,0,0.0,,,
NCT05855655,False,0,0.0,,,
NCT06463431,False,0,0.0,,,
NCT05540652,False,0,0.0,,,
NCT05334914,False,0,0.0,,,
NCT07310654,False,0,0.0,,,
NCT06696027,False,0,0.0,,,
NCT06441942,False,0,0.0,,,
NCT03787160,False,0,0.0,,,
NCT06559774,False,0,0.0,,,
NCT03396978,False,0,0.0,,,
NCT07674121,False,0,0.0,,,
NCT06333353,False,0,0.0,,,
NCT06847802,False,0,0.0,,,
NCT06279858,False,0,0.0,,,
NCT04813042,False,0,0.0,,,
NCT03545542,False,0,0.0,,,
NCT06412341,False,0,0.0,,,
NCT03167606,False,0,0.0,,,
NCT06085313,False,0,0.0,,,
NCT04341818,False,0,0.0,,,
NCT07062341,False,0,0.0,,,
NCT06576089,False,0,0.0,,,
NCT06183502,False,0,0.0,,,
NCT04233931,True,1,224954.0,National Institute of Mental Health,,2017
NCT06217315,False,0,0.0,,,
NCT04023513,False,0,0.0,,,
NCT03810300,False,0,0.0,,,
NCT06833840,False,0,0.0,,,
NCT05858281,False,0,0.0,,,
NCT03311698,False,0,0.0,,,
NCT01377207,False,0,0.0,,,
NCT04633200,True,1,498759.0,National Institute of Mental Health,,2020
NCT03843736,False,0,0.0,,,
NCT05869552,False,0,0.0,,,
NCT05270785,False,0,0.0,,,
NCT06899581,False,0,0.0,,,
NCT03703778,False,0,0.0,,,
NCT00440271,False,0,0.0,,,
NCT05000489,False,0,0.0,,,
NCT07489664,False,0,0.0,,,
NCT06741631,False,0,0.0,,,
NCT04982718,False,0,0.0,,,
NCT06590337,False,0,0.0,,,
NCT01384045,False,0,0.0,,,
NCT06669819,False,0,0.0,,,
NCT04460924,False,0,0.0,,,
NCT05161663,False,0,0.0,,,
NCT06350383,False,0,0.0,,,
NCT07718022,False,0,0.0,,,
NCT06333223,False,0,0.0,,,
NCT05108675,False,0,0.0,,,
NCT03896776,True,5,8842703.0,National Institute of Mental Health,,"2018, 2019, 2020, 2021, 2022"
NCT00691041,False,0,0.0,,,
NCT04961723,False,0,0.0,,,
NCT04992104,False,0,0.0,,,
NCT04792996,False,0,0.0,,,
NCT03284541,True,1,2317500.0,National Institute on Drug Abuse,,2016
NCT05664802,False,0,0.0,,,
NCT05171101,False,0,0.0,,,
NCT01896999,False,0,0.0,,,
NCT07316803,False,0,0.0,,,
NCT05934318,False,0,0.0,,,
NCT02023580,True,1,576319.0,National Institute of Mental Health,,2014
NCT04451915,False,0,0.0,,,
NCT02577965,False,0,0.0,,,
NCT05629858,False,0,0.0,,,
NCT06551038,False,0,0.0,,,
NCT04758169,False,0,0.0,,,
NCT07305207,False,0,0.0,,,
NCT03186534,True,5,2768934.0,National Institute on Alcohol Abuse and Alcoholism,,"2016, 2017, 2018, 2019, 2020"
NCT05845476,False,0,0.0,,,
NCT06066463,False,0,0.0,,,
NCT06599268,False,0,0.0,,,
NCT05929040,False,0,0.0,,,
NCT00690976,False,0,0.0,,,
NCT06100250,False,0,0.0,,,
NCT01640392,False,0,0.0,,,
NCT04413708,False,0,0.0,,,
NCT01904877,False,0,0.0,,,
NCT02796963,False,0,0.0,,,
NCT04779736,False,0,0.0,,,
NCT06187415,False,0,0.0,,,
NCT06205368,False,0,0.0,,,
NCT05897034,False,0,0.0,,,
NCT07369661,False,0,0.0,,,
NCT04762134,False,0,0.0,,,
NCT04048382,False,0,0.0,,,
NCT06353737,False,0,0.0,,,
NCT03551938,False,0,0.0,,,
NCT07475702,False,0,0.0,,,
NCT06647173,False,0,0.0,,,
NCT03741725,False,0,0.0,,,
NCT06920589,False,0,0.0,,,
NCT05628194,False,0,0.0,,,
NCT04109443,False,0,0.0,,,
NCT04381559,False,0,0.0,,,
NCT07086014,False,0,0.0,,,
NCT02183909,False,0,0.0,,,
NCT06710171,False,0,0.0,,,
NCT04135443,False,0,0.0,,,
NCT06132672,False,0,0.0,,,
NCT02072252,False,0,0.0,,,
NCT03186183,False,0,0.0,,,
NCT02932384,False,0,0.0,,,
NCT03313765,True,3,692311.0,National Institute on Drug Abuse,,"2017, 2018, 2019"
NCT05420207,False,0,0.0,,,
NCT00691496,False,0,0.0,,,
NCT04550221,False,0,0.0,,,
NCT06629220,False,0,0.0,,,
NCT04544917,False,0,0.0,,,
NCT05514964,False,0,0.0,,,
NCT03125915,True,3,668890.0,National Institute on Drug Abuse,,"2014, 2015, 2016"
NCT03189394,False,0,0.0,,,
NCT06820034,False,0,0.0,,,
NCT05159531,False,0,0.0,,,
NCT00649701,True,2,419939.0,"National Center for HIVAIDS, Viral Hepatitis, STD, and TB Prevention",,"2006, 2007"
NCT05587738,False,0,0.0,,,
NCT03198663,True,5,3203259.0,National Institute of Mental Health,,"2015, 2016, 2017, 2018, 2019"
NCT05587725,False,0,0.0,,,
NCT05357118,False,0,0.0,,,
NCT06930378,False,0,0.0,,,
NCT06739772,True,1,201823.0,John E. Fogarty International Center for Advanced Study in the Health Sciences,,2024
NCT07034469,False,0,0.0,,,
NCT03940508,True,1,241592.0,National Institute of Mental Health,,2019
NCT04904757,False,0,0.0,,,
NCT07626333,False,0,0.0,,,
NCT03631667,False,0,0.0,,,
NCT06378645,False,0,0.0,,,
NCT07144943,False,0,0.0,,,
NCT07499947,False,0,0.0,,,
NCT03372096,False,0,0.0,,,
NCT04408469,False,0,0.0,,,
NCT06251518,False,0,0.0,,,
NCT06300268,False,0,0.0,,,
NCT03146260,False,0,0.0,,,
NCT04954833,False,0,0.0,,,
NCT06154486,False,0,0.0,,,
NCT07393568,False,0,0.0,,,
NCT07348432,False,0,0.0,,,
NCT03621293,False,0,0.0,,,
NCT04783584,False,0,0.0,,,
NCT07169292,False,0,0.0,,,
NCT04578145,False,0,0.0,,,
NCT03679741,False,0,0.0,,,
NCT07613177,False,0,0.0,,,
NCT07581158,False,0,0.0,,,
NCT03429270,False,0,0.0,,,
NCT07518667,False,0,0.0,,,
NCT03578237,False,0,0.0,,,
NCT03200327,False,0,0.0,,,
NCT05076266,False,0,0.0,,,
NCT06529965,False,0,0.0,,,
NCT06449417,False,0,0.0,,,
NCT06408480,False,0,0.0,,,
NCT03695133,False,0,0.0,,,
NCT05852054,False,0,0.0,,,
NCT05179993,False,0,0.0,,,
NCT05457842,False,0,0.0,,,
NCT07019987,False,0,0.0,,,
NCT06203951,False,0,0.0,,,
NCT04841031,False,0,0.0,,,
NCT03598062,False,0,0.0,,,
NCT05328648,False,0,0.0,,,
NCT05482204,False,0,0.0,,,
NCT03651843,False,0,0.0,,,
NCT07687407,False,0,0.0,,,
NCT07322042,True,3,887053.0,National Institute of Mental Health,,"2023, 2024, 2025"
NCT04033003,False,0,0.0,,,
NCT03593356,False,0,0.0,,,
NCT04303234,False,0,0.0,,,
NCT06860126,False,0,0.0,,,
NCT04824131,False,0,0.0,,,
NCT05840432,False,0,0.0,,,
NCT01033942,False,0,0.0,,,
NCT05354869,False,0,0.0,,,
NCT07098195,False,0,0.0,,,
NCT03361384,False,0,0.0,,,
NCT07728448,False,0,0.0,,,
NCT07564193,False,0,0.0,,,
NCT07769580,False,0,0.0,,,
NCT04969289,False,0,0.0,,,
NCT07618221,False,0,0.0,,,
NCT03286504,False,0,0.0,,,
NCT06280781,False,0,0.0,,,
NCT03593629,False,0,0.0,,,
NCT03902821,False,0,0.0,,,
NCT04897217,False,0,0.0,,,
NCT05072314,False,0,0.0,,,
NCT06973655,False,0,0.0,,,
NCT03930017,True,6,3627062.0,National Institute of Environmental Health Sciences,,"2017, 2018, 2019, 2020, 2021"
NCT06848335,True,1,722190.0,National Heart Lung and Blood Institute,,2024
NCT02695368,False,0,0.0,,,
NCT01176916,False,0,0.0,,,
NCT06016582,False,0,0.0,,,
NCT04905030,False,0,0.0,,,
NCT07610382,False,0,0.0,,,
NCT04081727,False,0,0.0,,,
NCT07300254,False,0,0.0,,,
NCT04069910,False,0,0.0,,,
NCT07108049,False,0,0.0,,,
NCT06786585,False,0,0.0,,,
NCT07556952,False,0,0.0,,,
NCT06275438,False,0,0.0,,,
NCT02977585,False,0,0.0,,,
NCT06205589,False,0,0.0,,,
NCT03435458,False,0,0.0,,,
NCT07004049,False,0,0.0,,,
NCT03534401,False,0,0.0,,,
NCT03913377,False,0,0.0,,,
NCT05386316,True,6,4105913.0,National Institute on Minority Health and Health Disparities,,"2020, 2021, 2022, 2023, 2024"
NCT07182318,False,0,0.0,,,
NCT04932031,False,0,0.0,,,
NCT07554183,False,0,0.0,,,
NCT05570266,False,0,0.0,,,
NCT04171531,False,0,0.0,,,
NCT06601907,False,0,0.0,,,
NCT06876051,False,0,0.0,,,
NCT05185609,False,0,0.0,,,
NCT03384251,False,0,0.0,,,
NCT06999317,False,0,0.0,,,
NCT03571113,False,0,0.0,,,
NCT04475848,False,0,0.0,,,
NCT04225962,False,0,0.0,,,
NCT05229146,False,0,0.0,,,
NCT07121790,False,0,0.0,,,
NCT05405946,False,0,0.0,,,
NCT05343546,False,0,0.0,,,
NCT07095296,False,0,0.0,,,
NCT02801396,False,0,0.0,,,
NCT03196635,False,0,0.0,,,
NCT07645885,False,0,0.0,,,
NCT02792309,False,0,0.0,,,
NCT04619212,False,0,0.0,,,
NCT00827853,False,0,0.0,,,
NCT03995355,False,0,0.0,,,
NCT03525821,False,0,0.0,,,
NCT04746859,False,0,0.0,,,
NCT02625220,False,0,0.0,,,
NCT06434974,False,0,0.0,,,
NCT06968546,False,0,0.0,,,
NCT03228212,False,0,0.0,,,
NCT04192045,False,0,0.0,,,
NCT06508411,False,0,0.0,,,
NCT07120542,False,0,0.0,,,
NCT06528236,False,0,0.0,,,
NCT03179371,False,0,0.0,,,
NCT07302789,False,0,0.0,,,
NCT01429454,False,0,0.0,,,
NCT07193017,False,0,0.0,,,
NCT03285464,False,0,0.0,,,
NCT07723885,False,0,0.0,,,
NCT05393479,False,0,0.0,,,
NCT05231707,False,0,0.0,,,
NCT06774404,False,0,0.0,,,
NCT07220863,False,0,0.0,,,
NCT06219564,False,0,0.0,,,
NCT06221930,False,0,0.0,,,
NCT05183217,False,0,0.0,,,
NCT07290946,False,0,0.0,,,
NCT01994538,False,0,0.0,,,
NCT05276882,False,0,0.0,,,
NCT05614492,True,1,263037.0,National Institute of Mental Health,,2021
NCT07560813,False,0,0.0,,,
NCT07510048,False,0,0.0,,,
NCT05940129,False,0,0.0,,,
NCT05982912,False,0,0.0,,,
NCT07581054,False,0,0.0,,,
NCT03728595,False,0,0.0,,,
NCT05437211,False,0,0.0,,,
NCT04160975,False,0,0.0,,,
NCT07400887,False,0,0.0,,,
NCT04642521,False,0,0.0,,,
NCT05883332,False,0,0.0,,,
NCT03592121,False,0,0.0,,,
NCT06265506,False,0,0.0,,,
NCT03188640,False,0,0.0,,,
NCT07231627,False,0,0.0,,,
NCT05750615,False,0,0.0,,,
NCT06957769,False,0,0.0,,,
NCT07178379,False,0,0.0,,,
NCT05099380,False,0,0.0,,,
NCT02898727,False,0,0.0,,,
NCT07723378,False,0,0.0,,,
NCT04319783,False,0,0.0,,,
NCT03855787,False,0,0.0,,,
NCT03338517,False,0,0.0,,,
NCT06788574,False,0,0.0,,,
NCT05345418,False,0,0.0,,,
NCT01835340,False,0,0.0,,,
NCT03138798,False,0,0.0,,,
NCT05297214,False,0,0.0,,,
NCT07574216,False,0,0.0,,,
NCT05413850,False,0,0.0,,,
NCT06111209,False,0,0.0,,,
NCT03963648,False,0,0.0,,,
NCT03366532,False,0,0.0,,,
NCT06274125,False,0,0.0,,,
NCT03353571,False,0,0.0,,,
NCT03565575,False,0,0.0,,,
NCT00725465,False,0,0.0,,,
NCT03613311,False,0,0.0,,,
NCT06239909,False,0,0.0,,,
NCT04038099,False,0,0.0,,,
NCT06429358,False,0,0.0,,,
NCT06627491,False,0,0.0,,,
NCT04790526,False,0,0.0,,,
NCT05205538,False,0,0.0,,,
NCT03210376,False,0,0.0,,,
NCT05077852,False,0,0.0,,,
NCT02145390,False,0,0.0,,,
NCT05128682,False,0,0.0,,,
NCT04133896,False,0,0.0,,,
NCT04680325,False,0,0.0,,,
NCT03325660,False,0,0.0,,,
NCT03827005,False,0,0.0,,,
NCT04185454,False,0,0.0,,,
NCT07426861,False,0,0.0,,,
NCT07380841,False,0,0.0,,,
NCT06570460,False,0,0.0,,,
NCT03962569,False,0,0.0,,,
NCT07336108,False,0,0.0,,,
NCT05654610,False,0,0.0,,,
NCT01408420,False,0,0.0,,,
NCT04755803,False,0,0.0,,,
NCT04845360,False,0,0.0,,,
NCT07658703,False,0,0.0,,,
NCT05005325,False,0,0.0,,,
NCT05714488,False,0,0.0,,,
NCT06337240,False,0,0.0,,,
NCT04384835,False,0,0.0,,,
NCT06719115,False,0,0.0,,,
NCT06855797,False,0,0.0,,,
NCT05220917,False,0,0.0,,,
NCT06754046,False,0,0.0,,,
NCT04452890,False,0,0.0,,,
NCT05985096,False,0,0.0,,,
NCT04791683,False,0,0.0,,,
NCT06977854,False,0,0.0,,,
NCT01723761,False,0,0.0,,,
NCT03697954,False,0,0.0,,,
NCT03698981,True,1,194258.0,John E. Fogarty International Center for Advanced Study in the Health Sciences,,2018
NCT05085002,False,0,0.0,,,
NCT06653582,False,0,0.0,,,
NCT03791879,False,0,0.0,,,
NCT03323554,False,0,0.0,,,
NCT05404386,False,0,0.0,,,
NCT03925454,False,0,0.0,,,
NCT05697549,False,0,0.0,,,
NCT05567406,False,0,0.0,,,
NCT04457141,False,0,0.0,,,
NCT03896321,False,0,0.0,,,
NCT04087421,False,0,0.0,,,
NCT03773809,False,0,0.0,,,
NCT05723601,False,0,0.0,,,
NCT04267575,False,0,0.0,,,
NCT07113145,False,0,0.0,,,
NCT06192966,False,0,0.0,,,
NCT05782400,False,0,0.0,,,
NCT05063292,False,0,0.0,,,
NCT04370444,False,0,0.0,,,
NCT05944484,False,0,0.0,,,
NCT03838458,False,0,0.0,,,
NCT07372547,False,0,0.0,,,
NCT07550608,False,0,0.0,,,
NCT04471233,False,0,0.0,,,
NCT07661940,False,0,0.0,,,
NCT06116747,False,0,0.0,,,
NCT05501704,False,0,0.0,,,
NCT04931147,False,0,0.0,,,
NCT05795426,False,0,0.0,,,
NCT03077308,False,0,0.0,,,
NCT07495085,False,0,0.0,,,
NCT03171025,False,0,0.0,,,
NCT07175064,False,0,0.0,,,
NCT04627064,False,0,0.0,,,
NCT04495244,False,0,0.0,,,
NCT05224544,False,0,0.0,,,
NCT07265414,False,0,0.0,,,
NCT07537309,False,0,0.0,,,
NCT07544147,False,0,0.0,,,
NCT04192448,False,0,0.0,,,
NCT00549679,False,0,0.0,,,
NCT07029087,False,0,0.0,,,
NCT03194789,False,0,0.0,,,
NCT06046924,False,0,0.0,,,
NCT07377123,False,0,0.0,,,
NCT04297670,False,0,0.0,,,
NCT05137210,False,0,0.0,,,
NCT06508203,False,0,0.0,,,
NCT04965025,False,0,0.0,,,
NCT06564376,False,0,0.0,,,
NCT05314478,False,0,0.0,,,
NCT06123650,False,0,0.0,,,
NCT05528276,False,0,0.0,,,
NCT04614142,False,0,0.0,,,
NCT07395583,False,0,0.0,,,
NCT06722079,False,0,0.0,,,
NCT07471373,False,0,0.0,,,
NCT04525846,False,0,0.0,,,
NCT01673373,False,0,0.0,,,
NCT07231679,False,0,0.0,,,
NCT04326517,False,0,0.0,,,
NCT05337813,False,0,0.0,,,
NCT06408389,False,0,0.0,,,
NCT03064568,False,0,0.0,,,
NCT06479720,False,0,0.0,,,
NCT06976125,False,0,0.0,,,
NCT06893913,False,0,0.0,,,
NCT05097456,False,0,0.0,,,
NCT00411879,False,0,0.0,,,
NCT03727269,False,0,0.0,,,
NCT04874779,False,0,0.0,,,
NCT03885141,False,0,0.0,,,
NCT03077659,False,0,0.0,,,
NCT05409456,False,0,0.0,,,
NCT07440875,False,0,0.0,,,
NCT03035630,False,0,0.0,,,
NCT06739304,False,0,0.0,,,
NCT04288427,False,0,0.0,,,
NCT04681066,False,0,0.0,,,
NCT04440319,False,0,0.0,,,
NCT02319837,False,0,0.0,,,
NCT07074951,False,0,0.0,,,
NCT04587895,False,0,0.0,,,
NCT03323086,False,0,0.0,,,
NCT04727983,False,0,0.0,,,
NCT05510245,False,0,0.0,,,
NCT05842005,False,0,0.0,,,
NCT05575739,False,0,0.0,,,
NCT03164577,True,3,548554.0,"National Center for Complementary and Integrative Health, National Institute on Alcohol Abuse and Alcoholism",,"2010, 2011, 2016"
NCT03395977,False,0,0.0,,,
NCT06700629,False,0,0.0,,,
NCT06397885,False,0,0.0,,,
NCT06242093,False,0,0.0,,,
NCT05529238,False,0,0.0,,,
NCT06861816,False,0,0.0,,,
NCT07219433,False,0,0.0,,,
NCT04608929,False,0,0.0,,,
NCT03319420,False,0,0.0,,,
NCT05880862,False,0,0.0,,,
NCT05583162,False,0,0.0,,,
NCT07747727,False,0,0.0,,,
NCT05506124,False,0,0.0,,,
NCT06892080,False,0,0.0,,,
NCT07520396,False,0,0.0,,,
NCT06450795,False,0,0.0,,,
NCT05787730,False,0,0.0,,,
NCT07399509,False,0,0.0,,,
NCT03843073,False,0,0.0,,,
NCT04224857,False,0,0.0,,,
NCT04962971,False,0,0.0,,,
NCT05486871,False,0,0.0,,,
NCT05666063,False,0,0.0,,,
NCT03890471,False,0,0.0,,,
NCT01744067,False,0,0.0,,,
NCT04705571,False,0,0.0,,,
NCT05532930,False,0,0.0,,,
NCT07317544,False,0,0.0,,,
NCT06551649,False,0,0.0,,,
NCT03241511,False,0,0.0,,,
NCT00129532,False,0,0.0,,,
NCT04804839,False,0,0.0,,,
NCT05548881,False,0,0.0,,,
NCT07202949,False,0,0.0,,,
NCT03660735,False,0,0.0,,,
NCT06848985,False,0,0.0,,,
NCT06683625,False,0,0.0,,,
NCT04010513,False,0,0.0,,,
NCT03833115,False,0,0.0,,,
NCT07643415,False,0,0.0,,,
NCT01071785,False,0,0.0,,,
NCT05657990,False,0,0.0,,,
NCT03127280,False,0,0.0,,,
NCT03390582,False,0,0.0,,,
NCT05666206,False,0,0.0,,,
NCT07505316,False,0,0.0,,,
NCT04852926,False,0,0.0,,,
NCT07077993,False,0,0.0,,,
NCT07627178,False,0,0.0,,,
NCT05685199,False,0,0.0,,,
NCT06090006,False,0,0.0,,,
NCT06738576,False,0,0.0,,,
NCT06259799,False,0,0.0,,,
NCT05390008,False,0,0.0,,,
NCT04271852,False,0,0.0,,,
NCT07542626,False,0,0.0,,,
NCT04789135,False,0,0.0,,,
NCT01462071,False,0,0.0,,,
NCT05330598,False,0,0.0,,,
NCT06933407,False,0,0.0,,,
NCT07429734,False,0,0.0,,,
NCT03782116,False,0,0.0,,,
NCT04650347,False,0,0.0,,,
NCT06409819,False,0,0.0,,,
NCT06209307,False,0,0.0,,,
NCT05900401,False,0,0.0,,,
NCT05810467,False,0,0.0,,,
NCT06232200,False,0,0.0,,,
NCT06815731,False,0,0.0,,,
NCT07421531,False,0,0.0,,,
NCT07278063,False,0,0.0,,,
NCT06000748,False,0,0.0,,,
NCT06566677,False,0,0.0,,,
NCT04124939,False,0,0.0,,,
NCT07731711,False,0,0.0,,,
NCT06223165,False,0,0.0,,,
NCT02277171,False,0,0.0,,,
NCT05370664,False,0,0.0,,,
NCT06885931,False,0,0.0,,,
NCT03725553,False,0,0.0,,,
NCT07334730,False,0,0.0,,,
NCT04124536,False,0,0.0,,,
NCT05966337,False,0,0.0,,,
NCT06544967,False,0,0.0,,,
NCT05362292,False,0,0.0,,,
NCT02588664,False,0,0.0,,,
NCT07661264,False,0,0.0,,,
NCT03201081,False,0,0.0,,,
NCT07441265,False,0,0.0,,,
NCT07571616,False,0,0.0,,,
NCT05123833,False,0,0.0,,,
NCT03349736,False,0,0.0,,,
NCT03477214,False,0,0.0,,,
NCT06848517,False,0,0.0,,,
NCT01235143,False,0,0.0,,,
NCT03064555,False,0,0.0,,,
NCT04352647,False,0,0.0,,,
NCT06161324,False,0,0.0,,,
NCT00250159,False,0,0.0,,,
NCT06418230,False,0,0.0,,,
NCT04829357,False,0,0.0,,,
NCT04612270,False,0,0.0,,,
NCT05167955,False,0,0.0,,,
NCT04434014,False,0,0.0,,,
NCT03484533,False,0,0.0,,,
NCT06813963,False,0,0.0,,,
NCT06944314,False,0,0.0,,,
NCT05010187,True,2,383568.0,National Institute on Alcohol Abuse and Alcoholism,,"2020, 2021"
NCT06032806,False,0,0.0,,,
NCT04187144,False,0,0.0,,,
NCT05359484,False,0,0.0,,,
NCT06259825,False,0,0.0,,,
NCT05130918,False,0,0.0,,,
NCT03800615,False,0,0.0,,,
NCT04226560,False,0,0.0,,,
NCT06585826,False,0,0.0,,,
NCT03405285,False,0,0.0,,,
NCT06354283,False,0,0.0,,,
NCT04140253,False,0,0.0,,,
NCT02871245,False,0,0.0,,,
NCT03335761,False,0,0.0,,,
NCT03438422,False,0,0.0,,,
NCT07709273,False,0,0.0,,,
NCT03880045,False,0,0.0,,,
NCT06674772,False,0,0.0,,,
NCT05647356,False,0,0.0,,,
NCT06480682,False,0,0.0,,,
NCT06786091,False,0,0.0,,,
NCT07099560,False,0,0.0,,,
NCT04605068,False,0,0.0,,,
NCT02434068,False,0,0.0,,,
NCT07663097,False,0,0.0,,,
NCT03101891,False,0,0.0,,,
NCT04076774,False,0,0.0,,,
NCT07451808,False,0,0.0,,,
NCT06707402,False,0,0.0,,,
NCT04833127,False,0,0.0,,,
NCT05485935,False,0,0.0,,,
NCT06189443,False,0,0.0,,,
NCT05355233,False,0,0.0,,,
NCT03344107,False,0,0.0,,,
NCT03900143,False,0,0.0,,,
NCT03751826,False,0,0.0,,,
NCT06694012,False,0,0.0,,,
NCT07081321,False,0,0.0,,,
NCT04114019,False,0,0.0,,,
NCT06121128,False,0,0.0,,,
NCT06885099,False,0,0.0,,,
NCT06974227,False,0,0.0,,,
NCT05663853,False,0,0.0,,,
NCT00196001,False,0,0.0,,,
NCT06573827,False,0,0.0,,,
NCT06673329,False,0,0.0,,,
NCT06197295,False,0,0.0,,,
NCT05348954,False,0,0.0,,,
NCT03275168,False,0,0.0,,,
NCT03938324,False,0,0.0,,,
NCT06609642,False,0,0.0,,,
NCT05878951,False,0,0.0,,,
NCT07351851,False,0,0.0,,,
NCT07327151,False,0,0.0,,,
NCT01155297,False,0,0.0,,,
NCT05363644,False,0,0.0,,,
NCT04372836,False,0,0.0,,,
NCT06883253,False,0,0.0,,,
NCT04825639,False,0,0.0,,,
NCT04444830,False,0,0.0,,,
NCT00199628,False,0,0.0,,,
NCT07141602,False,0,0.0,,,
NCT05319782,False,0,0.0,,,
NCT05587270,False,0,0.0,,,
NCT05707429,False,0,0.0,,,
NCT06059586,False,0,0.0,,,
NCT04242953,False,0,0.0,,,
NCT01409122,False,0,0.0,,,
NCT05292170,False,0,0.0,,,
NCT05909969,False,0,0.0,,,
NCT07191041,False,0,0.0,,,
NCT07447895,False,0,0.0,,,
NCT03846895,False,0,0.0,,,
NCT07274956,False,0,0.0,,,
NCT06531902,False,0,0.0,,,
NCT06729151,False,0,0.0,,,
NCT07654231,False,0,0.0,,,
NCT06623045,False,0,0.0,,,
NCT04158453,False,0,0.0,,,
NCT03102645,False,0,0.0,,,
NCT03899883,False,0,0.0,,,
NCT05422625,False,0,0.0,,,
NCT05820139,False,0,0.0,,,
NCT06725615,False,0,0.0,,,
NCT03911362,False,0,0.0,,,
NCT01545479,False,0,0.0,,,
NCT05417620,False,0,0.0,,,
NCT06109623,False,0,0.0,,,
NCT06570733,False,0,0.0,,,
NCT04729660,False,0,0.0,,,
NCT06589869,False,0,0.0,,,
NCT04197466,False,0,0.0,,,
NCT02552888,False,0,0.0,,,
NCT06016283,False,0,0.0,,,
NCT03280654,False,0,0.0,,,
NCT04616027,False,0,0.0,,,
NCT07185698,False,0,0.0,,,
NCT04470700,False,0,0.0,,,
NCT06769399,False,0,0.0,,,
NCT07305532,False,0,0.0,,,
NCT04919798,False,0,0.0,,,
NCT03672214,False,0,0.0,,,
NCT07115316,False,0,0.0,,,
NCT03658161,False,0,0.0,,,
NCT07553494,False,0,0.0,,,
NCT03946462,False,0,0.0,,,
NCT04599283,False,0,0.0,,,
NCT06715813,False,0,0.0,,,
NCT04933279,False,0,0.0,,,
NCT06107166,False,0,0.0,,,
NCT05390541,False,0,0.0,,,
NCT04829994,False,0,0.0,,,
NCT03970122,False,0,0.0,,,
NCT05915754,False,0,0.0,,,
NCT00213031,False,0,0.0,,,
NCT06435039,False,0,0.0,,,
NCT05568641,False,0,0.0,,,
NCT07035275,False,0,0.0,,,
NCT04821401,False,0,0.0,,,
NCT06450756,False,0,0.0,,,
NCT07133256,False,0,0.0,,,
NCT04829175,False,0,0.0,,,
NCT06705699,False,0,0.0,,,
NCT07586332,False,0,0.0,,,
NCT07102511,False,0,0.0,,,
NCT06711939,False,0,0.0,,,
NCT06294067,False,0,0.0,,,
NCT06857565,False,0,0.0,,,
NCT06218238,False,0,0.0,,,
NCT04128111,False,0,0.0,,,
NCT03229408,False,0,0.0,,,
NCT03898440,False,0,0.0,,,
NCT07562282,False,0,0.0,,,
NCT06976762,False,0,0.0,,,
NCT07166809,False,0,0.0,,,
NCT05515198,False,0,0.0,,,
NCT02859415,False,0,0.0,,,
NCT02650258,True,1,165232.0,National Institute on Aging,,2018
NCT05282160,False,0,0.0,,,
NCT04613713,False,0,0.0,,,
NCT03613324,False,0,0.0,,,
NCT06527560,False,0,0.0,,,
NCT07028996,False,0,0.0,,,
NCT06026761,False,0,0.0,,,
NCT05827705,False,0,0.0,,,
NCT03472105,False,0,0.0,,,
NCT03185169,False,0,0.0,,,
NCT03676894,False,0,0.0,,,
NCT06420869,False,0,0.0,,,
NCT07620717,False,0,0.0,,,
NCT07762391,False,0,0.0,,,
NCT05194462,False,0,0.0,,,
NCT04831307,False,0,0.0,,,
NCT04582019,False,0,0.0,,,
NCT04104165,False,0,0.0,,,
NCT03755544,False,0,0.0,,,
NCT07025044,False,0,0.0,,,
NCT06835309,False,0,0.0,,,
NCT05295342,False,0,0.0,,,
NCT07197203,False,0,0.0,,,
NCT06606613,False,0,0.0,,,
NCT07473323,False,0,0.0,,,
NCT03695679,False,0,0.0,,,
NCT03992846,False,0,0.0,,,
NCT05308810,False,0,0.0,,,
NCT05631080,False,0,0.0,,,
NCT03108079,False,0,0.0,,,
NCT06706362,False,0,0.0,,,
NCT04832581,False,0,0.0,,,
NCT06124105,False,0,0.0,,,
NCT05437666,False,0,0.0,,,
NCT03101371,False,0,0.0,,,
NCT03843034,False,0,0.0,,,
NCT02774031,False,0,0.0,,,
NCT04369404,False,0,0.0,,,
NCT07534319,False,0,0.0,,,
NCT01835600,False,0,0.0,,,
NCT07001579,False,0,0.0,,,
NCT02987517,False,0,0.0,,,
NCT06730776,False,0,0.0,,,
NCT07289776,False,0,0.0,,,
NCT04119791,False,0,0.0,,,
NCT05594524,False,0,0.0,,,
NCT04097288,False,0,0.0,,,
NCT05287490,False,0,0.0,,,
NCT06189469,False,0,0.0,,,
NCT07017842,False,0,0.0,,,
NCT06823973,False,0,0.0,,,
NCT03869931,False,0,0.0,,,
NCT05087537,False,0,0.0,,,
NCT04248257,False,0,0.0,,,
NCT06646822,False,0,0.0,,,
NCT06815939,True,1,1286675.0,National Cancer Institute,,2023
NCT06971822,False,0,0.0,,,
NCT04416711,False,0,0.0,,,
NCT05811611,False,0,0.0,,,
NCT06485167,False,0,0.0,,,
NCT07068802,False,0,0.0,,,
NCT01684228,False,0,0.0,,,
NCT03774407,False,0,0.0,,,
NCT04159077,False,0,0.0,,,
NCT00001479,False,0,0.0,,,
NCT03418896,False,0,0.0,,,
NCT03332654,False,0,0.0,,,
NCT03101995,False,0,0.0,,,
NCT03642197,False,0,0.0,,,
NCT07669922,False,0,0.0,,,
NCT04966962,False,0,0.0,,,
NCT06914791,False,0,0.0,,,
NCT06521450,False,0,0.0,,,
NCT06521008,False,0,0.0,,,
NCT07103018,False,0,0.0,,,
NCT06232525,False,0,0.0,,,
NCT05617417,False,0,0.0,,,
NCT02085889,False,0,0.0,,,
NCT06729359,False,0,0.0,,,
NCT05144659,False,0,0.0,,,
NCT06912425,False,0,0.0,,,
NCT06359990,False,0,0.0,,,
NCT02869165,False,0,0.0,,,
NCT04502199,False,0,0.0,,,
NCT05431049,False,0,0.0,,,
NCT03089671,False,0,0.0,,,
NCT06796985,False,0,0.0,,,
NCT07771647,False,0,0.0,,,
NCT07202884,False,0,0.0,,,
NCT04598607,False,0,0.0,,,
NCT03069898,False,0,0.0,,,
NCT02991534,False,0,0.0,,,
NCT03881293,False,0,0.0,,,
NCT06411158,False,0,0.0,,,
NCT03178825,False,0,0.0,,,
NCT03911297,False,0,0.0,,,
NCT05366426,False,0,0.0,,,
NCT05555849,False,0,0.0,,,
NCT07419035,False,0,0.0,,,
NCT05520684,False,0,0.0,,,
NCT06578208,False,0,0.0,,,
NCT05670535,False,0,0.0,,,
NCT03997318,False,0,0.0,,,
NCT04143867,False,0,0.0,,,
NCT05700487,False,0,0.0,,,
NCT05516511,False,0,0.0,,,
NCT06117306,False,0,0.0,,,
NCT00531921,False,0,0.0,,,
NCT04644614,False,0,0.0,,,
NCT03883698,False,0,0.0,,,
NCT07135700,False,0,0.0,,,
NCT07035964,False,0,0.0,,,
NCT04487600,False,0,0.0,,,
NCT05324020,False,0,0.0,,,
NCT06763185,False,0,0.0,,,
NCT06500455,False,0,0.0,,,
NCT06671782,False,0,0.0,,,
NCT03946124,False,0,0.0,,,
NCT03400410,False,0,0.0,,,
NCT02966535,False,0,0.0,,,
NCT06521697,False,0,0.0,,,
NCT02723474,False,0,0.0,,,
NCT06719908,False,0,0.0,,,
NCT04165408,False,0,0.0,,,
NCT03210038,False,0,0.0,,,
NCT06967948,False,0,0.0,,,
NCT06713460,False,0,0.0,,,
NCT06590376,False,0,0.0,,,
NCT04059159,False,0,0.0,,,
NCT02189876,False,0,0.0,,,
NCT04251923,False,0,0.0,,,
NCT06825390,False,0,0.0,,,
NCT03626324,False,0,0.0,,,
NCT05436860,False,0,0.0,,,
NCT02614313,False,0,0.0,,,
NCT01382368,False,0,0.0,,,
NCT07124390,False,0,0.0,,,
NCT03956238,False,0,0.0,,,
NCT05553652,False,0,0.0,,,
NCT03117504,False,0,0.0,,,
NCT05608174,False,0,0.0,,,
NCT07057232,False,0,0.0,,,
NCT05727332,True,77,75349166.0,National Institute of General Medical Sciences,,"2016, 2017, 2018, 2019, 2020, 2021, 2022, 2023, 2024, 2025"
NCT05632536,False,0,0.0,,,
NCT06866834,False,0,0.0,,,
NCT04877600,False,0,0.0,,,
NCT02458365,True,3,848257.0,National Institute of Mental Health,,"2008, 2009, 2010"
NCT03536923,False,0,0.0,,,
NCT02922361,False,0,0.0,,,
NCT03489902,False,0,0.0,,,
NCT04029402,False,0,0.0,,,
NCT06380660,False,0,0.0,,,
NCT06357156,False,0,0.0,,,
NCT06147869,False,0,0.0,,,
NCT03399461,False,0,0.0,,,
NCT06545656,False,0,0.0,,,
NCT06654505,False,0,0.0,,,
NCT03770962,False,0,0.0,,,
NCT07206446,False,0,0.0,,,
NCT03825653,False,0,0.0,,,
NCT07313683,False,0,0.0,,,
NCT07195656,False,0,0.0,,,
NCT05478083,False,0,0.0,,,
NCT05834088,False,0,0.0,,,
NCT06458556,False,0,0.0,,,
NCT03064295,False,0,0.0,,,
NCT04193566,False,0,0.0,,,
NCT05032222,False,0,0.0,,,
NCT07118683,False,0,0.0,,,
NCT07268183,False,0,0.0,,,
NCT06185439,False,0,0.0,,,
NCT06390488,False,0,0.0,,,
NCT03042273,False,0,0.0,,,
NCT06329986,False,0,0.0,,,
NCT05531253,False,0,0.0,,,
NCT00729794,False,0,0.0,,,
NCT05154422,False,0,0.0,,,
NCT06084494,False,0,0.0,,,
NCT04942951,False,0,0.0,,,
NCT04682366,False,0,0.0,,,
NCT05706077,False,0,0.0,,,
NCT06339554,False,0,0.0,,,
NCT04842695,False,0,0.0,,,
NCT04215939,False,0,0.0,,,
NCT06348342,False,0,0.0,,,
NCT05295420,False,0,0.0,,,
NCT06232135,False,0,0.0,,,
NCT03014791,False,0,0.0,,,
NCT02644135,False,0,0.0,,,
NCT06441435,False,0,0.0,,,
NCT03647189,False,0,0.0,,,
NCT03877640,False,0,0.0,,,
NCT03724955,False,0,0.0,,,
NCT03831165,False,0,0.0,,,
NCT04898699,False,0,0.0,,,
NCT05668715,False,0,0.0,,,
NCT00213018,False,0,0.0,,,
NCT05403476,False,0,0.0,,,
NCT05395793,False,0,0.0,,,
NCT07776574,False,0,0.0,,,
NCT07608874,False,0,0.0,,,
NCT07324798,False,0,0.0,,,
NCT04760483,False,0,0.0,,,
NCT05432869,False,0,0.0,,,
NCT03727945,False,0,0.0,,,
NCT05311267,False,0,0.0,,,
NCT06397612,False,0,0.0,,,
NCT05258409,False,0,0.0,,,
NCT02920736,False,0,0.0,,,
NCT06819267,False,0,0.0,,,
NCT05246865,False,0,0.0,,,
NCT06869824,False,0,0.0,,,
NCT03385460,False,0,0.0,,,
NCT05744570,False,0,0.0,,,
NCT07388069,False,0,0.0,,,
NCT03947970,False,0,0.0,,,
NCT05936853,False,0,0.0,,,
NCT04985929,False,0,0.0,,,
NCT07550894,False,0,0.0,,,
NCT04735445,False,0,0.0,,,
NCT05451472,False,0,0.0,,,
NCT06142019,False,0,0.0,,,
NCT06472765,False,0,0.0,,,
NCT05439239,False,0,0.0,,,
NCT05231577,False,0,0.0,,,
NCT06780657,False,0,0.0,,,
NCT07337278,False,0,0.0,,,
NCT04198285,False,0,0.0,,,
NCT06302816,False,0,0.0,,,
NCT06058455,False,0,0.0,,,
NCT05410899,False,0,0.0,,,
NCT04681625,False,0,0.0,,,
NCT04336189,False,0,0.0,,,
NCT03864068,False,0,0.0,,,
NCT07472426,False,0,0.0,,,
NCT06826001,False,0,0.0,,,
NCT03916471,False,0,0.0,,,
NCT06121167,False,0,0.0,,,
NCT01326572,False,0,0.0,,,
NCT04645745,False,0,0.0,,,
NCT03789045,False,0,0.0,,,
NCT05127512,False,0,0.0,,,
NCT03122392,False,0,0.0,,,
NCT03084666,False,0,0.0,,,
NCT06666036,False,0,0.0,,,
NCT05837000,False,0,0.0,,,
NCT05811507,False,0,0.0,,,
NCT05013593,False,0,0.0,,,
NCT06597344,False,0,0.0,,,
NCT06255782,False,0,0.0,,,
NCT05960682,False,0,0.0,,,
NCT07335588,False,0,0.0,,,
NCT04027010,False,0,0.0,,,
NCT07692815,False,0,0.0,,,
NCT04602117,False,0,0.0,,,
NCT06432517,False,0,0.0,,,
NCT05755217,False,0,0.0,,,
NCT07679568,False,0,0.0,,,
NCT04915534,False,0,0.0,,,
NCT04253925,False,0,0.0,,,
NCT06874543,False,0,0.0,,,
NCT05926115,False,0,0.0,,,
NCT03519126,False,0,0.0,,,
NCT04071925,False,0,0.0,,,
NCT05963776,False,0,0.0,,,
NCT02223832,False,0,0.0,,,
NCT04068701,False,0,0.0,,,
NCT05997706,False,0,0.0,,,
NCT04936464,False,0,0.0,,,
NCT07538752,False,0,0.0,,,
NCT05309993,False,0,0.0,,,
NCT06951009,False,0,0.0,,,
NCT00341614,False,0,0.0,,,
NCT03721042,False,0,0.0,,,
NCT07020559,False,0,0.0,,,
NCT04325477,False,0,0.0,,,
NCT06486519,False,0,0.0,,,
NCT04444804,False,0,0.0,,,
NCT03808155,False,0,0.0,,,
NCT04959084,False,0,0.0,,,
NCT03687138,False,0,0.0,,,
NCT05138822,False,0,0.0,,,
NCT00130078,False,0,0.0,,,
NCT05494567,False,0,0.0,,,
NCT06075771,False,0,0.0,,,
NCT04814264,False,0,0.0,,,
NCT04065581,False,0,0.0,,,
NCT05489965,False,0,0.0,,,
NCT03026439,False,0,0.0,,,
NCT03346967,False,0,0.0,,,
NCT05544695,False,0,0.0,,,
NCT05675202,False,0,0.0,,,
NCT06639529,False,0,0.0,,,
NCT07037589,False,0,0.0,,,
NCT06894862,False,0,0.0,,,
NCT06378827,False,0,0.0,,,
NCT04734834,False,0,0.0,,,
NCT07164014,False,0,0.0,,,
NCT06766006,False,0,0.0,,,
NCT02052934,False,0,0.0,,,
NCT06602895,False,0,0.0,,,
NCT02641119,False,0,0.0,,,
NCT06990672,False,0,0.0,,,
NCT05368766,False,0,0.0,,,
NCT06497361,False,0,0.0,,,
NCT05470751,False,0,0.0,,,
NCT07052968,False,0,0.0,,,
NCT05259059,False,0,0.0,,,
NCT03938779,False,0,0.0,,,
NCT07137689,False,0,0.0,,,
NCT05534269,False,0,0.0,,,
NCT06232005,False,0,0.0,,,
NCT07145216,False,0,0.0,,,
NCT03234387,False,0,0.0,,,
NCT06941714,False,0,0.0,,,
NCT07359235,False,0,0.0,,,
NCT06742918,False,0,0.0,,,
NCT04336150,False,0,0.0,,,
NCT06344416,False,0,0.0,,,
NCT04259684,False,0,0.0,,,
NCT06717867,False,0,0.0,,,
NCT07587424,False,0,0.0,,,
NCT05486780,False,0,0.0,,,
NCT06347380,False,0,0.0,,,
NCT06265896,False,0,0.0,,,
NCT04687228,False,0,0.0,,,
NCT05253898,False,0,0.0,,,
NCT03572348,False,0,0.0,,,
NCT03598088,False,0,0.0,,,
NCT03644966,False,0,0.0,,,
NCT05463172,False,0,0.0,,,
NCT06537180,False,0,0.0,,,
NCT06158880,False,0,0.0,,,
NCT05574088,False,0,0.0,,,
NCT03027986,False,0,0.0,,,
NCT00144118,False,0,0.0,,,
NCT04699318,False,0,0.0,,,
NCT07385196,False,0,0.0,,,
NCT05715268,False,0,0.0,,,
NCT06840080,False,0,0.0,,,
NCT03609580,False,0,0.0,,,
NCT07126080,False,0,0.0,,,
NCT07335679,False,0,0.0,,,
NCT05618886,False,0,0.0,,,
NCT03467724,False,0,0.0,,,
NCT03056586,False,0,0.0,,,
NCT04993859,False,0,0.0,,,
NCT04024046,False,0,0.0,,,
NCT06595732,False,0,0.0,,,
NCT07142187,False,0,0.0,,,
NCT03648385,True,5,3720462.0,National Heart Lung and Blood Institute,,"2018, 2019, 2020, 2021, 2022"
NCT06768333,False,0,0.0,,,
NCT02430948,False,0,0.0,,,
NCT06759493,False,0,0.0,,,
NCT04372121,False,0,0.0,,,
NCT07156266,False,0,0.0,,,
NCT06936631,False,0,0.0,,,
NCT04327102,False,0,0.0,,,
NCT03609801,False,0,0.0,,,
NCT06352112,False,0,0.0,,,
NCT04252430,False,0,0.0,,,
NCT06307067,False,0,0.0,,,
NCT05247775,False,0,0.0,,,
NCT03477877,False,0,0.0,,,
NCT05284877,False,0,0.0,,,
NCT03614611,False,0,0.0,,,
NCT02298465,False,0,0.0,,,
NCT03381300,False,0,0.0,,,
NCT05589194,False,0,0.0,,,
NCT02812056,False,0,0.0,,,
NCT05485922,False,0,0.0,,,
NCT05430256,False,0,0.0,,,
NCT07477951,False,0,0.0,,,
NCT05961241,False,0,0.0,,,
NCT04893044,False,0,0.0,,,
NCT04707690,False,0,0.0,,,
NCT07718997,False,0,0.0,,,
NCT01059006,False,0,0.0,,,
NCT06684704,False,0,0.0,,,
NCT05882916,False,0,0.0,,,
NCT06341816,False,0,0.0,,,
NCT06920914,False,0,0.0,,,
NCT03930628,False,0,0.0,,,
NCT04216589,False,0,0.0,,,
NCT05383274,False,0,0.0,,,
NCT05970484,False,0,0.0,,,
NCT06617676,False,0,0.0,,,
NCT04029168,False,0,0.0,,,
NCT05751213,False,0,0.0,,,
NCT04249297,False,0,0.0,,,
NCT07037511,False,0,0.0,,,
NCT03504813,False,0,0.0,,,
NCT03241342,False,0,0.0,,,
NCT03508011,False,0,0.0,,,
NCT04227184,False,0,0.0,,,
NCT07326215,False,0,0.0,,,
NCT04829721,False,0,0.0,,,
NCT06703814,False,0,0.0,,,
NCT05710848,False,0,0.0,,,
NCT06283485,False,0,0.0,,,
NCT06869538,False,0,0.0,,,
NCT03200548,False,0,0.0,,,
NCT07507214,False,0,0.0,,,
NCT03459963,False,0,0.0,,,
NCT07753304,False,0,0.0,,,
NCT05233852,False,0,0.0,,,
NCT06738147,False,0,0.0,,,
NCT03403153,False,0,0.0,,,
NCT03335865,False,0,0.0,,,
NCT06210477,False,0,0.0,,,
NCT04905511,False,0,0.0,,,
NCT04374500,False,0,0.0,,,
NCT06217107,False,0,0.0,,,
NCT04815811,False,0,0.0,,,
NCT04343599,False,0,0.0,,,
NCT03515109,False,0,0.0,,,
NCT05599243,False,0,0.0,,,
NCT03842852,False,0,0.0,,,
NCT06280521,False,0,0.0,,,
NCT03142243,False,0,0.0,,,
NCT03126604,False,0,0.0,,,
NCT04030949,False,0,0.0,,,
NCT07547891,False,0,0.0,,,
NCT06250504,False,0,0.0,,,
NCT07472387,False,0,0.0,,,
NCT07041684,False,0,0.0,,,
NCT06896838,False,0,0.0,,,
NCT05630833,False,0,0.0,,,
NCT04415125,False,0,0.0,,,
NCT06293235,False,0,0.0,,,
NCT05624060,False,0,0.0,,,
NCT07295782,False,0,0.0,,,
NCT06537154,False,0,0.0,,,
NCT05652179,False,0,0.0,,,
NCT01280838,True,6,3096687.0,National Institute on Drug Abuse,,"2010, 2011, 2012, 2013, 2014"
NCT05545943,False,0,0.0,,,
NCT07692789,False,0,0.0,,,
NCT06689813,False,0,0.0,,,
NCT03623880,False,0,0.0,,,
NCT06912126,False,0,0.0,,,
NCT07084376,False,0,0.0,,,
NCT07426640,False,0,0.0,,,
NCT03693690,False,0,0.0,,,
NCT07534059,False,0,0.0,,,
NCT05777473,False,0,0.0,,,
NCT04398186,False,0,0.0,,,
NCT06561269,False,0,0.0,,,
NCT04586959,False,0,0.0,,,
NCT07040696,False,0,0.0,,,
NCT03214757,False,0,0.0,,,
NCT06649942,False,0,0.0,,,
NCT03225586,False,0,0.0,,,
NCT06442254,False,0,0.0,,,
NCT03257670,False,0,0.0,,,
NCT06666270,False,0,0.0,,,
NCT07114926,False,0,0.0,,,
NCT03812718,False,0,0.0,,,
NCT04402190,False,0,0.0,,,
NCT06168825,False,0,0.0,,,
NCT06331546,False,0,0.0,,,
NCT04155827,False,0,0.0,,,
NCT07250490,False,0,0.0,,,
NCT04577222,False,0,0.0,,,
NCT05376631,False,0,0.0,,,
NCT05845762,False,0,0.0,,,
NCT06767566,False,0,0.0,,,
NCT05563896,False,0,0.0,,,
NCT06376903,False,0,0.0,,,
NCT07279142,False,0,0.0,,,
NCT04981873,False,0,0.0,,,
NCT07232745,False,0,0.0,,,
NCT03201939,False,0,0.0,,,
NCT07048145,False,0,0.0,,,
NCT05618119,False,0,0.0,,,
NCT05425953,False,0,0.0,,,
NCT02599987,False,0,0.0,,,
NCT04390204,False,0,0.0,,,
NCT07075900,False,0,0.0,,,
NCT07021014,False,0,0.0,,,
NCT05599581,True,6,3768144.0,National Institute of Mental Health,,"2021, 2022, 2023, 2024, 2025"
NCT07576283,False,0,0.0,,,
NCT05347472,False,0,0.0,,,
NCT02753842,False,0,0.0,,,
NCT01128101,False,0,0.0,,,
NCT06809205,False,0,0.0,,,
NCT04953377,False,0,0.0,,,
NCT03922230,False,0,0.0,,,
NCT05806307,False,0,0.0,,,
NCT06808139,False,0,0.0,,,
NCT03809364,False,0,0.0,,,
NCT06514430,False,0,0.0,,,
NCT03450811,False,0,0.0,,,
NCT05443477,False,0,0.0,,,
NCT03180372,False,0,0.0,,,
NCT05527639,False,0,0.0,,,
NCT04817839,False,0,0.0,,,
NCT03910907,False,0,0.0,,,
NCT05417334,False,0,0.0,,,
NCT06801028,False,0,0.0,,,
NCT03543566,False,0,0.0,,,
NCT07430839,False,0,0.0,,,
NCT06454981,False,0,0.0,,,
NCT05048212,False,0,0.0,,,
NCT07119892,False,0,0.0,,,
NCT04945265,False,0,0.0,,,
NCT05699551,False,0,0.0,,,
NCT03379012,False,0,0.0,,,
NCT06728228,False,0,0.0,,,
NCT05266092,False,0,0.0,,,
NCT04605757,False,0,0.0,,,
NCT03096665,False,0,0.0,,,
NCT07385222,False,0,0.0,,,
NCT06000202,False,0,0.0,,,
NCT02053675,False,0,0.0,,,
NCT05664451,False,0,0.0,,,
NCT06341933,False,0,0.0,,,
NCT06635590,False,0,0.0,,,
NCT05753020,False,0,0.0,,,
NCT07554989,False,0,0.0,,,
NCT04626960,False,0,0.0,,,
NCT04623268,False,0,0.0,,,
NCT07167368,False,0,0.0,,,
NCT03166150,False,0,0.0,,,
NCT07366918,False,0,0.0,,,
NCT04285190,False,0,0.0,,,
NCT05014997,False,0,0.0,,,
NCT05125289,False,0,0.0,,,
NCT05815134,False,0,0.0,,,
NCT04752709,False,0,0.0,,,
NCT06520267,False,0,0.0,,,
NCT05086692,False,0,0.0,,,
NCT06683001,False,0,0.0,,,
NCT04161716,False,0,0.0,,,
NCT05979844,False,0,0.0,,,
NCT04658316,False,0,0.0,,,
NCT06875778,False,0,0.0,,,
NCT03492385,False,0,0.0,,,
NCT07265908,False,0,0.0,,,
NCT01555593,False,0,0.0,,,
NCT04206085,False,0,0.0,,,
NCT07260604,False,0,0.0,,,
NCT04922255,False,0,0.0,,,
NCT06601374,False,0,0.0,,,
NCT07676526,False,0,0.0,,,
NCT04005391,False,0,0.0,,,
NCT04858243,True,5,2736108.0,National Institute of Mental Health,,"2020, 2021, 2022, 2023, 2024"
NCT07259148,False,0,0.0,,,
NCT03929848,False,0,0.0,,,
NCT06427278,False,0,0.0,,,
NCT06419517,False,0,0.0,,,
NCT00621348,False,0,0.0,,,
NCT04305808,False,0,0.0,,,
NCT01665508,False,0,0.0,,,
NCT07322328,False,0,0.0,,,
NCT07791394,False,0,0.0,,,
NCT06262490,False,0,0.0,,,
NCT04991610,False,0,0.0,,,
NCT04240613,False,0,0.0,,,
NCT05505162,False,0,0.0,,,
NCT07183488,False,0,0.0,,,
NCT03018561,False,0,0.0,,,
NCT05611970,False,0,0.0,,,
NCT00967694,False,0,0.0,,,
NCT07783841,False,0,0.0,,,
NCT04763382,False,0,0.0,,,
NCT06739070,False,0,0.0,,,
NCT06049147,False,0,0.0,,,
NCT07648290,False,0,0.0,,,
NCT04246996,False,0,0.0,,,
NCT05424497,False,0,0.0,,,
NCT02715661,False,0,0.0,,,
NCT06545461,False,0,0.0,,,
NCT03432897,False,0,0.0,,,
NCT04519840,False,0,0.0,,,
NCT03191240,False,0,0.0,,,
NCT06189768,False,0,0.0,,,
NCT03958279,False,0,0.0,,,
NCT03496740,False,0,0.0,,,
NCT03872518,False,0,0.0,,,
NCT05960123,False,0,0.0,,,
NCT04195490,False,0,0.0,,,
NCT07384117,False,0,0.0,,,
NCT06783231,False,0,0.0,,,
NCT01385605,False,0,0.0,,,
NCT01999231,False,0,0.0,,,
NCT03395288,False,0,0.0,,,
NCT06422494,False,0,0.0,,,
NCT04481841,False,0,0.0,,,
NCT06430242,False,0,0.0,,,
NCT06339593,False,0,0.0,,,
NCT04496089,False,0,0.0,,,
NCT06275646,False,0,0.0,,,
NCT03425396,False,0,0.0,,,
NCT06544473,False,0,0.0,,,
NCT05567757,False,0,0.0,,,
NCT05472311,False,0,0.0,,,
NCT03198481,False,0,0.0,,,
NCT04845295,False,0,0.0,,,
NCT06509139,False,0,0.0,,,
NCT01190865,False,0,0.0,,,
NCT06816329,True,2,1498400.0,National Institute of Mental Health,,"2025, 2026"
NCT05236088,False,0,0.0,,,
NCT02355769,False,0,0.0,,,
NCT06511141,False,0,0.0,,,
NCT06481670,False,0,0.0,,,
NCT07714694,False,0,0.0,,,
NCT07651670,False,0,0.0,,,
NCT03057834,False,0,0.0,,,
NCT05764018,False,0,0.0,,,
NCT06123520,False,0,0.0,,,
NCT06493123,False,0,0.0,,,
NCT03568942,False,0,0.0,,,
NCT05845320,False,0,0.0,,,
NCT06470620,False,0,0.0,,,
NCT03916861,False,0,0.0,,,
NCT03048682,False,0,0.0,,,
NCT06054724,False,0,0.0,,,
NCT03088046,False,0,0.0,,,
NCT03740880,False,0,0.0,,,
NCT05221905,False,0,0.0,,,
NCT06726759,False,0,0.0,,,
NCT02147470,False,0,0.0,,,
NCT04009694,False,0,0.0,,,
NCT04207073,False,0,0.0,,,
NCT07320638,False,0,0.0,,,
NCT07248917,False,0,0.0,,,
NCT06470685,False,0,0.0,,,
NCT07576335,False,0,0.0,,,
NCT02776904,False,0,0.0,,,
NCT03063125,False,0,0.0,,,
NCT04775576,False,0,0.0,,,
NCT07186985,False,0,0.0,,,
NCT03480477,False,0,0.0,,,
NCT07787377,False,0,0.0,,,
NCT00578565,False,0,0.0,,,
NCT05670392,False,0,0.0,,,
NCT04031807,False,0,0.0,,,
NCT07553065,False,0,0.0,,,
NCT04600271,False,0,0.0,,,
NCT03682601,False,0,0.0,,,
NCT03653845,False,0,0.0,,,
NCT07486466,False,0,0.0,,,
NCT04307537,False,0,0.0,,,
NCT07574619,True,3,1550745.0,National Institute of Mental Health,,"2024, 2025"
NCT03904277,False,0,0.0,,,
NCT01599533,False,0,0.0,,,
NCT06853249,False,0,0.0,,,
NCT06740058,False,0,0.0,,,
NCT07413978,False,0,0.0,,,
NCT06242821,False,0,0.0,,,
NCT07387640,False,0,0.0,,,
NCT05316610,False,0,0.0,,,
NCT05279560,False,0,0.0,,,
NCT06539585,False,0,0.0,,,
NCT06839040,False,0,0.0,,,
NCT05184374,False,0,0.0,,,
NCT05668624,False,0,0.0,,,
NCT06110247,False,0,0.0,,,
NCT07379281,False,0,0.0,,,
NCT03235518,False,0,0.0,,,
NCT05072158,False,0,0.0,,,
NCT07127549,False,0,0.0,,,
NCT06461585,False,0,0.0,,,
NCT05857371,False,0,0.0,,,
NCT03847922,False,0,0.0,,,
NCT03485261,False,0,0.0,,,
NCT03836742,False,0,0.0,,,
NCT05053373,False,0,0.0,,,
NCT03314259,False,0,0.0,,,
NCT05867979,False,0,0.0,,,
NCT04079556,False,0,0.0,,,
NCT06805331,False,0,0.0,,,
NCT04120545,False,0,0.0,,,
NCT07377656,False,0,0.0,,,
NCT04505397,False,0,0.0,,,
NCT05703269,False,0,0.0,,,
NCT06325696,False,0,0.0,,,
NCT06349694,False,0,0.0,,,
NCT07489794,False,0,0.0,,,
NCT07122245,False,0,0.0,,,
NCT07533981,False,0,0.0,,,
NCT06942481,False,0,0.0,,,
NCT04215419,False,0,0.0,,,
NCT05114395,False,0,0.0,,,
NCT04081441,False,0,0.0,,,
NCT04077177,False,0,0.0,,,
NCT07738328,False,0,0.0,,,
NCT05445219,False,0,0.0,,,
NCT05467267,False,0,0.0,,,
NCT06408441,False,0,0.0,,,
NCT04991675,False,0,0.0,,,
NCT03176901,False,0,0.0,,,
NCT06902909,False,0,0.0,,,
NCT05010135,False,0,0.0,,,
NCT03339076,False,0,0.0,,,
NCT05108389,False,0,0.0,,,
NCT06689891,False,0,0.0,,,
NCT04915976,False,0,0.0,,,
NCT05733052,False,0,0.0,,,
NCT04703049,False,0,0.0,,,
NCT03949348,False,0,0.0,,,
NCT04488068,False,0,0.0,,,
NCT03704649,False,0,0.0,,,
NCT06539078,False,0,0.0,,,
NCT07693920,False,0,0.0,,,
NCT07056218,False,0,0.0,,,
NCT03456180,False,0,0.0,,,
NCT04900259,False,0,0.0,,,
NCT06391060,False,0,0.0,,,
NCT02421497,False,0,0.0,,,
NCT03299387,False,0,0.0,,,
NCT04039009,False,0,0.0,,,
NCT04762433,False,0,0.0,,,
NCT05551949,False,0,0.0,,,
NCT01562236,False,0,0.0,,,
NCT04010630,False,0,0.0,,,
NCT03070600,False,0,0.0,,,
NCT05721807,False,0,0.0,,,
NCT06840314,False,0,0.0,,,
NCT04144621,False,0,0.0,,,
NCT03381716,False,0,0.0,,,
NCT05671289,False,0,0.0,,,
NCT06893809,False,0,0.0,,,
NCT05654909,False,0,0.0,,,
NCT06907199,False,0,0.0,,,
NCT04700787,False,0,0.0,,,
NCT07078448,False,0,0.0,,,
NCT03045809,False,0,0.0,,,
NCT02447484,True,6,3304834.0,National Institute on Drug Abuse,,"2015, 2016, 2017, 2018, 2019"
NCT06791252,False,0,0.0,,,
NCT03319498,False,0,0.0,,,
NCT04100421,False,0,0.0,,,
NCT03986944,False,0,0.0,,,
NCT06453564,False,0,0.0,,,
NCT06269016,False,0,0.0,,,
NCT05677841,False,0,0.0,,,
NCT07189741,False,0,0.0,,,
NCT07233473,False,0,0.0,,,
NCT03773341,False,0,0.0,,,
NCT04586166,False,0,0.0,,,
NCT04124913,False,0,0.0,,,
NCT03771703,False,0,0.0,,,
NCT03439527,False,0,0.0,,,
NCT05506579,False,0,0.0,,,
NCT02039973,True,1,428986.0,National Institute of Mental Health,,2013
NCT05519566,False,0,0.0,,,
NCT04497402,False,0,0.0,,,
NCT07126223,False,0,0.0,,,
NCT06582654,False,0,0.0,,,
NCT02547155,False,0,0.0,,,
NCT03787823,False,0,0.0,,,
NCT04670627,False,0,0.0,,,
NCT06921746,False,0,0.0,,,
NCT03097328,False,0,0.0,,,
NCT05690386,False,0,0.0,,,
NCT05149573,False,0,0.0,,,
NCT07171424,False,0,0.0,,,
NCT06059196,False,0,0.0,,,
NCT03500146,False,0,0.0,,,
NCT04415827,False,0,0.0,,,
NCT03275519,False,0,0.0,,,
NCT02138279,False,0,0.0,,,
NCT07241156,False,0,0.0,,,
NCT05774353,False,0,0.0,,,
NCT03831646,False,0,0.0,,,
NCT05742061,False,0,0.0,,,
NCT04251702,False,0,0.0,,,
NCT05693103,False,0,0.0,,,
NCT04352530,True,6,641447.0,National Cancer Institute,,"2015, 2016, 2017, 2018, 2019, 2020"
NCT06951022,False,0,0.0,,,
NCT05156502,False,0,0.0,,,
NCT05474495,False,0,0.0,,,
NCT07081412,False,0,0.0,,,
NCT06669468,False,0,0.0,,,
NCT03314363,False,0,0.0,,,
NCT05796921,False,0,0.0,,,
NCT03976414,False,0,0.0,,,
NCT05259800,False,0,0.0,,,
NCT05624671,False,0,0.0,,,
NCT05206500,False,0,0.0,,,
NCT06918067,False,0,0.0,,,
NCT05447936,False,0,0.0,,,
NCT05603351,False,0,0.0,,,
NCT06760702,False,0,0.0,,,
NCT04734301,False,0,0.0,,,
NCT04464928,False,0,0.0,,,
NCT03714581,False,0,0.0,,,
NCT05973175,False,0,0.0,,,
NCT05648136,False,0,0.0,,,
NCT00264771,False,0,0.0,,,
NCT06662071,False,0,0.0,,,
NCT05132621,False,0,0.0,,,
NCT04104958,False,0,0.0,,,
NCT06064968,False,0,0.0,,,
NCT04006171,False,0,0.0,,,
NCT03443687,False,0,0.0,,,
NCT01337180,False,0,0.0,,,
NCT03018041,False,0,0.0,,,
NCT04319653,False,0,0.0,,,
NCT04551417,False,0,0.0,,,
NCT04659668,False,0,0.0,,,
NCT04885556,False,0,0.0,,,
NCT03102177,False,0,0.0,,,
NCT06977230,False,0,0.0,,,
NCT03733054,False,0,0.0,,,
NCT04974619,False,0,0.0,,,
NCT07764328,False,0,0.0,,,
NCT03306238,False,0,0.0,,,
NCT06890143,False,0,0.0,,,
NCT05067140,False,0,0.0,,,
NCT03970850,False,0,0.0,,,
NCT04984993,False,0,0.0,,,
NCT07468838,False,0,0.0,,,
NCT07440615,False,0,0.0,,,
NCT04335591,False,0,0.0,,,
NCT06034015,False,0,0.0,,,
NCT07635017,False,0,0.0,,,
NCT07621627,False,0,0.0,,,
NCT01632046,False,0,0.0,,,
NCT03510286,False,0,0.0,,,
NCT05741580,False,0,0.0,,,
NCT03041246,False,0,0.0,,,
NCT07291518,False,0,0.0,,,
NCT06215924,False,0,0.0,,,
NCT07350694,False,0,0.0,,,
NCT04218942,False,0,0.0,,,
NCT06521970,False,0,0.0,,,
NCT06833541,False,0,0.0,,,
NCT04798729,False,0,0.0,,,
NCT06004661,False,0,0.0,,,
NCT07440966,False,0,0.0,,,
NCT07218159,False,0,0.0,,,
NCT07576205,False,0,0.0,,,
NCT06594380,False,0,0.0,,,
NCT05895409,False,0,0.0,,,
NCT05643807,False,0,0.0,,,
NCT02836899,False,0,0.0,,,
NCT06188728,False,0,0.0,,,
NCT05431699,False,0,0.0,,,
NCT01960998,False,0,0.0,,,
NCT03261609,False,0,0.0,,,
NCT07133321,False,0,0.0,,,
NCT03984617,False,0,0.0,,,
NCT03934996,False,0,0.0,,,
NCT07438873,False,0,0.0,,,
NCT06787599,False,0,0.0,,,
NCT05511532,False,0,0.0,,,
NCT06398262,False,0,0.0,,,
NCT07440927,False,0,0.0,,,
NCT06261970,False,0,0.0,,,
NCT04809883,False,0,0.0,,,
NCT05201131,False,0,0.0,,,
NCT07320183,False,0,0.0,,,
NCT03402022,False,0,0.0,,,
NCT03597152,False,0,0.0,,,
NCT04608864,False,0,0.0,,,
NCT04662385,False,0,0.0,,,
NCT07518212,False,0,0.0,,,
NCT06619730,False,0,0.0,,,
NCT04221932,False,0,0.0,,,
NCT04907370,False,0,0.0,,,
NCT05227937,False,0,0.0,,,
NCT06332781,False,0,0.0,,,
NCT05758792,False,0,0.0,,,
NCT06674577,False,0,0.0,,,
NCT03646136,False,0,0.0,,,
NCT00810498,False,0,0.0,,,
NCT04871893,False,0,0.0,,,
NCT03136601,False,0,0.0,,,
NCT03809819,False,0,0.0,,,
NCT03302936,False,0,0.0,,,
NCT05488340,False,0,0.0,,,
NCT05263843,False,0,0.0,,,
NCT04437108,False,0,0.0,,,
NCT05946525,False,0,0.0,,,
NCT06294197,False,0,0.0,,,
NCT07614152,False,0,0.0,,,
NCT04033835,False,0,0.0,,,
NCT06638255,False,0,0.0,,,
NCT03459235,False,0,0.0,,,
NCT03164850,False,0,0.0,,,
NCT04299997,False,0,0.0,,,
NCT04689113,False,0,0.0,,,
NCT03379402,False,0,0.0,,,
NCT07661953,False,0,0.0,,,
NCT04628351,False,0,0.0,,,
NCT05274672,False,0,0.0,,,
NCT01376895,False,0,0.0,,,
NCT05957601,False,0,0.0,,,
NCT03493594,False,0,0.0,,,
NCT06988683,False,0,0.0,,,
NCT04987164,False,0,0.0,,,
NCT04366921,False,0,0.0,,,
NCT03078738,False,0,0.0,,,
NCT05221034,False,0,0.0,,,
NCT04847609,False,0,0.0,,,
NCT07236684,False,0,0.0,,,
NCT05331508,False,0,0.0,,,
NCT06458491,False,0,0.0,,,
NCT06460376,False,0,0.0,,,
NCT04776720,True,6,1175011.0,National Institute on Aging,,"2020, 2021, 2022, 2023, 2024, 2026"
NCT07504991,False,0,0.0,,,
NCT03268460,False,0,0.0,,,
NCT06743620,False,0,0.0,,,
NCT05341778,False,0,0.0,,,
NCT06971874,False,0,0.0,,,
NCT07742176,False,0,0.0,,,
NCT06389708,False,0,0.0,,,
NCT05049590,False,0,0.0,,,
NCT04638348,False,0,0.0,,,
NCT05997615,False,0,0.0,,,
NCT05127447,False,0,0.0,,,
NCT06266416,False,0,0.0,,,
NCT03897504,False,0,0.0,,,
NCT04585984,False,0,0.0,,,
NCT07423156,False,0,0.0,,,
NCT06529198,False,0,0.0,,,
NCT04237753,False,0,0.0,,,
NCT06813222,False,0,0.0,,,
NCT05738837,False,0,0.0,,,
NCT06020456,False,0,0.0,,,
NCT06578754,False,0,0.0,,,
NCT05061394,False,0,0.0,,,
NCT07668973,False,0,0.0,,,
NCT06374797,False,0,0.0,,,
NCT06227559,False,0,0.0,,,
NCT01453062,False,0,0.0,,,
NCT02871986,False,0,0.0,,,
NCT06916377,False,0,0.0,,,
NCT05067101,False,0,0.0,,,
NCT06857071,True,5,1913814.0,National Institute of Mental Health,,"2024, 2025, 2026"
NCT06098495,False,0,0.0,,,
NCT04272281,False,0,0.0,,,
NCT03571594,False,0,0.0,,,
NCT06873581,False,0,0.0,,,
NCT03632538,False,0,0.0,,,
NCT04631926,False,0,0.0,,,
NCT06513026,False,0,0.0,,,
NCT06275048,False,0,0.0,,,
NCT04298255,False,0,0.0,,,
NCT03641118,False,0,0.0,,,
NCT05948397,False,0,0.0,,,
NCT02204917,False,0,0.0,,,
NCT05804552,False,0,0.0,,,
NCT07138872,False,0,0.0,,,
NCT07083219,False,0,0.0,,,
NCT05902130,False,0,0.0,,,
NCT05294237,False,0,0.0,,,
NCT07491900,False,0,0.0,,,
NCT07292311,False,0,0.0,,,
NCT03628092,False,0,0.0,,,
NCT01239966,False,0,0.0,,,
NCT01891253,False,0,0.0,,,
NCT05912530,False,0,0.0,,,
NCT03184077,False,0,0.0,,,
NCT06957795,False,0,0.0,,,
NCT05554081,False,0,0.0,,,
NCT05122052,False,0,0.0,,,
NCT04817774,False,0,0.0,,,
NCT03047213,False,0,0.0,,,
NCT04357080,False,0,0.0,,,
NCT07319247,False,0,0.0,,,
NCT07645235,False,0,0.0,,,
NCT06287658,False,0,0.0,,,
NCT06695585,False,0,0.0,,,
NCT05601297,False,0,0.0,,,
NCT03988270,False,0,0.0,,,
NCT07324668,False,0,0.0,,,
NCT04472624,False,0,0.0,,,
NCT07337252,False,0,0.0,,,
NCT05910983,False,0,0.0,,,
NCT03470194,False,0,0.0,,,
NCT05871281,False,0,0.0,,,
NCT07257445,False,0,0.0,,,
NCT07698041,False,0,0.0,,,
NCT04467827,False,0,0.0,,,
NCT04288648,False,0,0.0,,,
NCT04100083,False,0,0.0,,,
NCT05964751,False,0,0.0,,,
NCT00710983,False,0,0.0,,,
NCT07258875,False,0,0.0,,,
NCT05814341,False,0,0.0,,,
NCT07395557,False,0,0.0,,,
NCT02870101,False,0,0.0,,,
NCT03714607,False,0,0.0,,,
NCT03534375,False,0,0.0,,,
NCT06991595,False,0,0.0,,,
NCT06618768,False,0,0.0,,,
NCT05549193,False,0,0.0,,,
NCT03809026,False,0,0.0,,,
NCT05968885,False,0,0.0,,,
NCT02778243,False,0,0.0,,,
NCT06754423,False,0,0.0,,,
NCT05900570,False,0,0.0,,,
NCT06632366,False,0,0.0,,,
NCT05757557,False,0,0.0,,,
NCT04878601,True,5,717152.0,John E. Fogarty International Center for Advanced Study in the Health Sciences,,"2019, 2020, 2021, 2022, 2023"
NCT06889714,False,0,0.0,,,
NCT04423107,False,0,0.0,,,
NCT06119763,False,0,0.0,,,
NCT06446011,False,0,0.0,,,
NCT05997732,False,0,0.0,,,
NCT06397287,False,0,0.0,,,
NCT04147793,False,0,0.0,,,
NCT07004738,False,0,0.0,,,
NCT07508098,False,0,0.0,,,
NCT06715904,False,0,0.0,,,
NCT07289269,False,0,0.0,,,
NCT07628322,False,0,0.0,,,
NCT03984357,False,0,0.0,,,
NCT04807894,False,0,0.0,,,
NCT03330522,False,0,0.0,,,
NCT07180875,False,0,0.0,,,
NCT03632772,False,0,0.0,,,
NCT05235607,False,0,0.0,,,
NCT06437899,False,0,0.0,,,
NCT04274855,False,0,0.0,,,
NCT04687748,False,0,0.0,,,
NCT06682078,False,0,0.0,,,
NCT03272568,False,0,0.0,,,
NCT04837235,False,0,0.0,,,
NCT04746638,False,0,0.0,,,
NCT06536855,False,0,0.0,,,
NCT03370549,False,0,0.0,,,
NCT07467889,False,0,0.0,,,
NCT04912648,False,0,0.0,,,
NCT06954012,False,0,0.0,,,
NCT06562751,False,0,0.0,,,
NCT07256275,False,0,0.0,,,
NCT06570057,False,0,0.0,,,
NCT04020341,False,0,0.0,,,
NCT03587402,False,0,0.0,,,
NCT06662565,False,0,0.0,,,
NCT05095077,False,0,0.0,,,
NCT03044067,False,0,0.0,,,
NCT05524545,False,0,0.0,,,
NCT01499745,False,0,0.0,,,
NCT07585383,False,0,0.0,,,
NCT03615586,False,0,0.0,,,
NCT06066151,False,0,0.0,,,
NCT06792266,False,0,0.0,,,
NCT04543253,False,0,0.0,,,
NCT06910475,False,0,0.0,,,
NCT04402957,False,0,0.0,,,
NCT07668063,False,0,0.0,,,
NCT04085094,False,0,0.0,,,
NCT05627726,False,0,0.0,,,
NCT05457192,False,0,0.0,,,
NCT06732687,False,0,0.0,,,
NCT05244863,False,0,0.0,,,
NCT03222687,False,0,0.0,,,
NCT04720599,False,0,0.0,,,
NCT03539315,False,0,0.0,,,
NCT07225114,False,0,0.0,,,
NCT05378347,False,0,0.0,,,
NCT03687606,False,0,0.0,,,
NCT05908084,False,0,0.0,,,
NCT06013449,False,0,0.0,,,
NCT07596537,False,0,0.0,,,
NCT05585866,False,0,0.0,,,
NCT03429166,False,0,0.0,,,
NCT06607770,False,0,0.0,,,
NCT03401983,False,0,0.0,,,
NCT03738605,False,0,0.0,,,
NCT04428853,False,0,0.0,,,
NCT02444195,False,0,0.0,,,
NCT05922605,False,0,0.0,,,
NCT04239066,False,0,0.0,,,
NCT05241327,False,0,0.0,,,
NCT03732768,False,0,0.0,,,
NCT07787390,False,0,0.0,,,
NCT05960968,False,0,0.0,,,
NCT03422497,False,0,0.0,,,
NCT05253456,False,0,0.0,,,
NCT04018651,False,0,0.0,,,
NCT07654010,False,0,0.0,,,
NCT04955860,False,0,0.0,,,
NCT02003924,False,0,0.0,,,
NCT06656078,False,0,0.0,,,
NCT04577560,False,0,0.0,,,
NCT03323723,False,0,0.0,,,
NCT04479059,False,0,0.0,,,
NCT06998459,False,0,0.0,,,
NCT06954090,False,0,0.0,,,
NCT03898310,False,0,0.0,,,
NCT06998862,False,0,0.0,,,
NCT03767803,False,0,0.0,,,
NCT04908774,False,0,0.0,,,
NCT03696420,False,0,0.0,,,
NCT05136859,False,0,0.0,,,
NCT02207946,False,0,0.0,,,
NCT06023823,False,0,0.0,,,
NCT06583356,False,0,0.0,,,
NCT01226459,False,0,0.0,,,
NCT04978129,True,1,142610.0,National Institute on Alcohol Abuse and Alcoholism,,2023
NCT01987700,False,0,0.0,,,
NCT05731713,False,0,0.0,,,
NCT00958750,False,0,0.0,,,
NCT05274217,False,0,0.0,,,
NCT01319370,False,0,0.0,,,
NCT01145625,False,0,0.0,,,
NCT04192266,False,0,0.0,,,
NCT05232162,False,0,0.0,,,
NCT06807775,False,0,0.0,,,
NCT01942135,False,0,0.0,,,
NCT03721497,False,0,0.0,,,
NCT02367105,False,0,0.0,,,
NCT07242131,False,0,0.0,,,
NCT07617454,False,0,0.0,,,
NCT07342946,False,0,0.0,,,
NCT03874013,False,0,0.0,,,
NCT03286517,False,0,0.0,,,
NCT06268678,False,0,0.0,,,
NCT07426055,False,0,0.0,,,
NCT02049957,False,0,0.0,,,
NCT00855244,False,0,0.0,,,
NCT07065643,False,0,0.0,,,
NCT07174336,False,0,0.0,,,
NCT06777199,False,0,0.0,,,
NCT02756364,False,0,0.0,,,
NCT06995482,False,0,0.0,,,
NCT06912919,False,0,0.0,,,
NCT07326111,False,0,0.0,,,
NCT07664540,False,0,0.0,,,
NCT03800264,False,0,0.0,,,
NCT07771426,False,0,0.0,,,
NCT03527043,False,0,0.0,,,
NCT05076981,False,0,0.0,,,
NCT05450900,False,0,0.0,,,
NCT03019575,False,0,0.0,,,
NCT04443348,False,0,0.0,,,
NCT06083415,False,0,0.0,,,
NCT02122198,False,0,0.0,,,
NCT06445946,False,0,0.0,,,
NCT07329218,False,0,0.0,,,
NCT07779447,False,0,0.0,,,
NCT04060108,False,0,0.0,,,
NCT03799562,False,0,0.0,,,
NCT05457881,False,0,0.0,,,
NCT04193371,False,0,0.0,,,
NCT01547299,False,0,0.0,,,
NCT03374878,False,0,0.0,,,
NCT03241810,False,0,0.0,,,
NCT07581067,False,0,0.0,,,
NCT04537078,False,0,0.0,,,
NCT04048031,False,0,0.0,,,
NCT07020429,False,0,0.0,,,
NCT05937360,False,0,0.0,,,
NCT07258576,False,0,0.0,,,
NCT07490431,False,0,0.0,,,
NCT03120871,False,0,0.0,,,
NCT04630275,False,0,0.0,,,
NCT06142045,False,0,0.0,,,
NCT07290270,False,0,0.0,,,
NCT03556800,False,0,0.0,,,
NCT07519343,False,0,0.0,,,
NCT07591818,False,0,0.0,,,
NCT00455962,False,0,0.0,,,
NCT06353880,False,0,0.0,,,
NCT05113030,False,0,0.0,,,
NCT05394935,False,0,0.0,,,
NCT07042516,False,0,0.0,,,
NCT02310763,False,0,0.0,,,
NCT02006680,False,0,0.0,,,
NCT06642363,False,0,0.0,,,
NCT04635514,False,0,0.0,,,
NCT04171050,False,0,0.0,,,
NCT01080911,False,0,0.0,,,
NCT05988151,False,0,0.0,,,
NCT05381584,False,0,0.0,,,
NCT01079754,False,0,0.0,,,
NCT03266926,False,0,0.0,,,
NCT06781606,False,0,0.0,,,
NCT02395497,False,0,0.0,,,
NCT06260241,False,0,0.0,,,
NCT06794190,False,0,0.0,,,
